"Journal","Volume","Year","File","Start","End","DOI","Authors","Title"
"Soosiana","1","1973","01_Soosiana_1973_1_I-IV","I","IV",NA,"","Front matter"
"Soosiana","1","1973","02_Soosiana_1973_1_PinterI_1-3","1","3",NA,"Pintér István","Beköszöntő"
"Soosiana","1","1973","03_Soosiana_1973_1_Krolopp_4-6","4","6",NA,"Krolopp Endre","Dr. Soós Lajos 1879-1972"
"Soosiana","1","1973","04_Soosiana_1973_1_Baba_7-8","7","8",NA,"Bába Károly","Dr. Horváth Andor 1913-1972"
"Soosiana","1","1973","05_Soosiana_1973_1_Vass_9-10","9","10",NA,"Vass Anna","Dr. Gebhardt Antal 1887-1972"
"Soosiana","1","1973","06_Soosiana_1973_1_Szigethy_10","10","10",NA,"Szigethy Anna","Károlyi Árpád 1907-1972"
"Soosiana","1","1973","07_Soosiana_1973_1_PinterL_11-17","11","17",NA,"Pintér László","Magyarország puhatestűinek kritikai jegyzéke"
"Soosiana","1","1973","08_Soosiana_1973_1_Anonim_18","18","18",NA,"","Hírek"
"Soosiana","1","1973","09_Soosiana_1973_1_Szigethy_19-30","19","30",NA,"Szigethy Anna","A Vertigo O. F. Müller, 1774 genus magyarországi fajai (Mollusca, Gastropoda)"
"Soosiana","1","1973","10_Soosiana_1973_1_Baba_31-41","31","41",NA,"Bába Károly","A víztelenedés hatása a mocsárerdők és ligeterdők vizi puhatestűire"
"Soosiana","1","1973","11_Soosiana_1973_1_Vasarhelyi_41-42","41","42",NA,"Vásárhelyi István, ifj.","Ásotthalom csigafaunája"
"Soosiana","1","1973","12_Soosiana_1973_1_Agocsy_43-46","43","46",NA,"Agócsi Pál;Podani János","Egy Aegopis-populáció vizsgálata"
"Soosiana","1","1973","13_Soosiana_1973_1_Krolopp_47-52","47","52",NA,"Krolopp Endre","Mollusca-faunánk faunatörténeti vizsgálatának jelentősége"
"Soosiana","1","1973","14_Soosiana_1973_1_Varga_53-58","53","58",NA,"Varga András","Adatok a Cserhát puhatestű faunájához"
"Soosiana","2","1974","01_Soosiana_1974_2_I-VI","I","VI",NA,"","Front matter"
"Soosiana","2","1974","02_Soosiana_1974_2_Baba_1-6","1","6",NA,"Bába Károly","Javaslatok a magyarországi malakológiai kutatások összehangolására"
"Soosiana","2","1974","03_Soosiana_1974_2_Podani_7-16","7","16",NA,"Podani János;Szigethy Anna","Az Orculidae család magyarországi fajai"
"Soosiana","2","1974","04_Soosiana_1974_2_PinterL_17-18","17","18",NA,"Pintér László","Faunisztikai, nomenklaturai és rendszertani megjegyzések"
"Soosiana","2","1974","05_Soosiana_1974_2_Kovacs_19-25","19","25",NA,"Kovács Gyula","Adatok Nagykanizsa és környéke Mollusca-faunájához"
"Soosiana","2","1974","06_Soosiana_1974_2_Anonim_26","26","26",NA,"","Kurrens külföldi malakológiai folyóiratok magyar kutatóknál"
"Soosiana","2","1974","07_Soosiana_1974_2_PinterI_27-36","27","36",NA,"Pintér István","Újabb adatok a Dunántúl Mollusca-faunájához"
"Soosiana","2","1974","08_Soosiana_1974_2_Taylor_37-44","37","44",NA,"Taylor, D. W.","The Tertiary Gastropod Orygoceras found living = Élő harmadkori Orygocerasok"
"Soosiana","2","1974","09_Soosiana_1974_2_Rekasi_45-50","45","50",NA,"Rékásy József;Richnovszky Andor","Adatok a madarak csigatáplálékának kérdéséhez"
"Soosiana","2","1974","10_Soosiana_1974_2_Subai_51-52","51","52",NA,"Subai Péter","Idegen csigafajok Magyarország faunájában"
"Soosiana","2","1974","11_Soosiana_1974_2_Varga_53-57","53","57",NA,"Varga András","Újabb adatok a Cserhát puhatestű faunájához"
"Soosiana","2","1974","12_Soosiana_1974_2_Anonim_58","58","58",NA,"","Beszámoló"
"Soosiana","2","1974","13_Soosiana_1974_2_PinterL_59-60","59","60",NA,"Pintér László","Az Öregkő-hegy csigái Bajótnál"
"Soosiana","3","1975","01_Soosiana_1975_3_I-VI","I","VI",NA,"","Front matter"
"Soosiana","3","1975","02_Soosiana_1975_3_PinterL_1-4","1","4",NA,"Pintér László","Beszámoló az V. Európai Malakológiai Kongresszusról"
"Soosiana","3","1975","03_Soosiana_1975_3_Bachseitz_5-6","5","6",NA,"Bachseitz, H.","Mya truncata truncata (Linné 1758)"
"Soosiana","3","1975","04_Soosiana_1975_3_Krolopp_7-10","7","10",NA,"Krolopp Endre","Helicella obvia (Hartmann 1840) a magyarországi pleisztocénből"
"Soosiana","3","1975","05_Soosiana_1975_3_PinterI_11-14","11","14",NA,"Pintér István","Cecilioides petitiana (Benoit) mint növényi kártevő"
"Soosiana","3","1975","06_Soosiana_1975_3_Szigethy_15-26","15","26",NA,"S. Szigethy Anna","Az Endodontidae család magyarországi fajai"
"Soosiana","3","1975","07_Soosiana_1975_3_Baba_27-34","27","34",NA,"Bába Károly;Kovács Gyula","Adatok a Királyhágó környéke, a révi szurdokvölgy és a Tordai hasadék Mollusca-faunájához (Román Szocialista Köztársaság)"
"Soosiana","3","1975","08_Soosiana_1975_3_Mienis_35-36","35","36",NA,"Mienis, Henk K.","A note on the Miocene Neritopsis from Lapugy, Roumania = Jegyzet a lapugyi miocén Neritopsisaihoz"
"Soosiana","3","1975","09_Soosiana_1975_3_Varga_37-42","37","42",NA,"Varga András","Adatok a Karancs és a Medves puhatestű faunájához"
"Soosiana","3","1975","10_Soosiana_1975_3_Varga_43-46","43","46",NA,"Varga Zoltán","Az Anisus spirorbis L. abnormális példányairól"
"Soosiana","3","1975","11_Soosiana_1975_3_Baba_47-51","47","51",NA,"Bába Károly","Csigákat fogyasztó gerincesek. A csigák állati eredetű táplálékai"
"Soosiana","3","1975","12_Soosiana_1975_3_Paget_52-53","52","53",NA,"Paget, Oliver E.","Resolution = Az Unitas Malakologica Europaea 1974. évi szeptember havi határozata"
"Soosiana","4","1976","01_Soosiana_1976_4_I-VI","I","VI",NA,"","Front matter"
"Soosiana","4","1976","02_Soosiana_1976_4_Szonoki_1-12","1","12",NA,"Szónoky Miklós","A Nyugati Mecsek D-i előterében mélyített fúrások felső-pannóniai puhatestűinek paleoökológiai és biosztratigráfiai vizsgálata"
"Soosiana","4","1976","03_Soosiana_1976_4_Podani_13-14","13","14",NA,"Podani János","A Sashegy (Budai hg.) csigafaunája"
"Soosiana","4","1976","04_Soosiana_1976_4_Varga_15-16","15","16",NA,"Varga András","Melanoides tuberculata (Müll.) Pöstyénben (Csehszlovákia)"
"Soosiana","4","1976","05_Soosiana_1976_4_Merenyi_17-20","17","20",NA,"Merényi László","Adatok Nógrád megye csigafaunájához"
"Soosiana","4","1976","06_Soosiana_1976_4_Varga_21-26","21","26",NA,"Varga András","Az Aegopinella minor (Stabile) északi középhegységi populációinak anatómiai vizsgálata"
"Soosiana","4","1976","07_Soosiana_1976_4_PinterL_27-38","27","38",NA,"Pintér László;S. Szigethy Anna","Schnecken aus Sizilien = Sziciliai csigák"
"Soosiana","4","1976","08_Soosiana_1976_4_Mienis_39-43","39","43",NA,"Mienis, Henk K.","On the identity of Rapana pontica Nordsieck, 1969 = A Rapana pontica Nordsieck, 1969 meghatározásáról"
"Soosiana","4","1976","09_Soosiana_1976_4_Krolopp_44","44","44",NA,"Krolopp Endre","Felkérés a malakológus kollégákhoz!"
"Soosiana","4","1976","10_Soosiana_1976_4_Pinter_45-46","45","46",NA,"Pintér László;S. Szigethy Anna","Eine Schneckenausbeute aus Kuba. Ergänzungen I. = Kubai csigák. Kiegészítés I."
"Soosiana","4","1976","11_Soosiana_1976_4_Varga_47-50","47","50",NA,"Varga András","Adatok a Börzsöny hegység puhaestű faunájához"
"Soosiana","4","1976","12_Soosiana_1976_4_Krolopp_51-56","51","56",NA,"Krolopp Endre","Melanoides tuberculata (O. F. Müller 1774) a magyarországi pleisztocén képződményekből"
"Soosiana","4","1976","13_Soosiana_1976_4_Domokos_57-60","57","60",NA,"Domokos Tamás","Anisus septemgyratus (Rossmässler) és az Anisus leucostoma (Millet) fajok statisztikus vizsgálata I."
"Soosiana","4","1976","14_Soosiana_1976_4_Kovacs_61","61","61",NA,"Kovács Gyula","Az Oxychilus (Riedelius) montivagus (Kimakowicz 1890) újabb romániai lelőhelye"
"Soosiana","4","1976","15_Soosiana_1976_4_Kovacs_62","62","62",NA,"Kovács Gyula","A Cepaea nemoralis (L.) faj lelőhelye Magyarországon"
"Soosiana","5","1977","01_Soosiana_1977_5_I-VI","I","VI",NA,"","Front matter"
"Soosiana","5","1977","02_Soosiana_1977_5_Anonim_1-2","1","2",NA,"","A 2. Magyar Malakológus Találkozó Baja, 1976"
"Soosiana","5","1977","03_Soosiana_1977_5_Csongor_3-8","3","8",NA,"Csongor Győző","Czógler Kálmán a szegedi faunakutatás magvetője"
"Soosiana","5","1977","04_Soosiana_1977_5_Szonoky_9-16","9","16",NA,"Szónoky Miklós","Kagyló - féreg paleobiocönózis életnyomai a Szeged környéki mélyfúrások pannóniai üledékeiből"
"Soosiana","5","1977","05_Soosiana_1977_5_Fukoh_17-26","17","26",NA,"Fűköh Levente","A Fejér megyei Sárrét holocén Mollusca-faunájának biosztratigráfiai vizsgálata"
"Soosiana","5","1977","06_Soosiana_1977_5_Gerencser_27-34","27","34",NA,"Gerencsér László","A magyarországi Viviparus fajok szülési folyamata"
"Soosiana","5","1977","07_Soosiana_1977_5_Domokos_35-46","35","46",NA,"Domokos Tamás","Anisus septemgyratus (Rossmässler) és az Anisus leucostoma (Millet) fajok statisztikus vizsgálata II/1."
"Soosiana","5","1977","08_Soosiana_1977_5_Varga_47-50","47","50",NA,"Varga András","Malakológiai újdonságok a Mátra-hegységből"
"Soosiana","5","1977","09_Soosiana_1977_5_Baba_51-58","51","58",NA,"Bába Károly","Adatok a Szádelői völgy puhatestű faunájához. (A légszennyeződés hatásának egy megfigyelt esete)"
"Soosiana","5","1977","10_Soosiana_1977_5_Kovacs_59-62","59","62",NA,"Kovács Gyula","Újabb adatok a Vadu Crisului-i szurdokvölgy mészkőszikláinak csiga-faunájához (Román Szocialista Köztársaság)"
"Soosiana","5","1977","11_Soosiana_1977_5_Frank_63-70","63","70",NA,"Frank, Christa","A Keleti-Alpok peremén őshonos Clausilia dubia gracilior Clessin 1887 előfordulása a középső Mura-völgyben és a Mürztől délre"
"Soosiana","5","1977","12_Soosiana_1977_5_Subai_71-73","71","73",NA,"Subai Péter","Két trópusi édesvizi csigáról"
"Soosiana","6","1978","01_Soosiana_1978_6_I-VI","I","VI",NA,"","Front matter"
"Soosiana","6","1978","02_Soosiana_1978_6_PinterL_1-2","1","2",NA,"Pintér László","Beszámoló a VI. Európai Malakológiai Kongresszusról"
"Soosiana","6","1978","03_Soosiana_1978_6_Krolopp_3-8","3","8",NA,"Krolopp Endre","A Corbicula fluminalis (O. F. Müller 1774) előfordulása a magyarországi pleisztocén üledékekben"
"Soosiana","6","1978","04_Soosiana_1978_6_Merenyi_9-16","9","16",NA,"Merényi László","Néhány közvetett fejlődésű métely puhatestű köztigazdája"
"Soosiana","6","1978","05_Soosiana_1978_6_PinterI_17-20","17","20",NA,"Pintér István","A tájgyűjtés szerepe a csigafauna kutatásában"
"Soosiana","6","1978","06_Soosiana_1978_6_Szonoky_21-26","21","26",NA,"Szónoky Miklós","Biosztratinómiai és fosszilizációs megfigyelések dél-alföldi infúziós löszök molluszkáin"
"Soosiana","6","1978","07_Soosiana_1978_6_PinterL_27-30","27","30",NA,"Pintér László","Die Publikationsdaten der in Ungarn lebenden Süsswassermollusken = A magyarországi vizi puhatestűek publikációs adatai"
"Soosiana","6","1978","08_Soosiana_1978_6_Varga_31-34","31","34",NA,"Varga András","A Trichia lubomirskii (Slosarski) új lelőhelye Magyarországon"
"Soosiana","6","1978","09_Soosiana_1978_6_KissJB_35-44","35","44",NA,"Kiss J. Botond;Rékási József;Richnovszky Andor","Romániában gyűjtött vadmadarak csigatápláléka"
"Soosiana","6","1978","10_Soosiana_1978_6_Domokos_45-50","45","50",NA,"Domokos Tamás","Az Anisus septemgyratus (Rossmässler) faj növekedési vonalairól"
"Soosiana","6","1978","11_Soosiana_1978_6_Szonoky_51-55","51","55",NA,"Szónoky Miklós","Paleopatológiás jelenség felső-oligocén korú Turritella (Haustator) venus margarethae Gaál csigahéjakon"
"Soosiana","6","1978","12_Soosiana_1978_6_Weintrager_56","56","56",NA,"Weintrager Adolf","A csiga (rajz = drawing)"
"Soosiana","6","1978","13_Soosiana_1978_6_Frank_57-66","57","66",NA,"Frank, Christa","Két Iphigena-faj előfordulása és vertikális elterjedése D-Ny és K-Steierországban"
"Soosiana","6","1978","14_Soosiana_1978_6_Ferenc_67-72","67","72",NA,"Ferenc Magda;Kovács Gyula;Richnovszky Andor","Malakológiai vizsgálatok az Alföld szikes tavain"
"Soosiana","6","1978","15_Soosiana_1978_6_PinterL_73-75","73","75",NA,"Pintér László","Potamopyrgus jenkinsi (E. A. Smith 1889) in Ungarn (Gastropoda: Hydobiidae) = Új faj Magyarországon: Potamopyrgus jenkinsi (Smith)"
"Soosiana","7","1979","01_Soosiana_1979_7_I-VI","I","VI",NA,"","Front matter"
"Soosiana","7","1979","02_Soosiana_1979_7_Krolopp_1-2","1","2",NA,"Krolopp Endre","Megemlékezés Soós Lajosról (1879-1972)"
"Soosiana","7","1979","03_Soosiana_1979_7_PinterI_3-4","3","4",NA,"Pintér István","Megemlékezés Smuk Antal-ról (1904-1978)"
"Soosiana","7","1979","04_Soosiana_1979_7_PinterL_5-8","5","8",NA,"Pintér László","Bericht über das III. Ungarische Malakogentreffen (1978) = Beszámoló a III. Magyar Malakológustalálkozóról (1978)"
"Soosiana","7","1979","05_Soosiana_1979_7_Krolopp_9-10","9","10",NA,"Krolopp Endre","Anisus strauchianus (Clessin, 1886) a magyarországi pleisztocén üledékekből"
"Soosiana","7","1979","06_Soosiana_1979_7_Frank_11-30","11","30",NA,"Frank, Christa","Zur landschaftsstrukturell bedingten Variabilität in der Gehäusemorphologie und ökologischen Potenz verschiedener heimischer Landpulmonaten = Néhány szárazföldi csigánk tájszerkezettől függő változékonysága és eltérő ökológiai potenciája"
"Soosiana","7","1979","07_Soosiana_1979_7_Merenyi_31-34","31","34",NA,"Merényi László","Connection between malacology and parasitology = A parazitológia és a malakológia kapcsolata"
"Soosiana","7","1979","08_Soosiana_1979_7_Kovacs_35-36","35","36",NA,"Kovács Gyula","Új vizi csigafaj Magyarországon [Helisoma trivolvis]"
"Soosiana","7","1979","09_Soosiana_1979_7_PinterL_37-42","37","42",NA,"Pintér László;S. Szigethy Anna","Was ist Helix (Trichia) kusmici Clessin 1887 (Gastropoda: Helicidae)? = Mi a Helix (Trichia) kusmici Clessin 1887 (Gastropoda: Helicidae) rendszertani helyzete?"
"Soosiana","7","1979","10_Soosiana_1979_7_Varga_43-45","43","45",NA,"Varga András","A Vertigo substriata (Jeffreys, 1833) Magyarországon"
"Soosiana","7","1979","11_Soosiana_1979_7_Tyahun_46","46","46",NA,"Tyahun Szabolcs","Tengeri csiga- és kagylókiállítás az Állatkertben"
"Soosiana","7","1979","12_Soosiana_1979_7_Domokos_47-56","47","56",NA,"Domokos Tamás","Adatok a Chondrula tridens (O. F. Müller) biometriájához"
"Soosiana","7","1979","13_Soosiana_1979_7_Szabo_57-68","57","68",NA,"Szabó Sándor","Faunisztikai és mennyiségi vizsgálatok a Felső-Kiskunság néhány csatornájában"
"Soosiana","7","1979","14_Soosiana_1979_7_Mienis_69-70","69","70",NA,"Mienis, Henk K.","Two new record of land snails attacked by glow-worms = Két új feljegyzés szárazföldi csigákat támadó szentjánosbogarakról"
"Soosiana","7","1979","15_Soosiana_1979_7_Paraszka_71-76","71","76",NA,"Parászka László","Néhány adat Bicske Mollusca-faunájához"
"Soosiana","7","1979","16_Soosiana_1979_7_Domokos_77-82","77","82",NA,"Domokos Tamás","Az Unionidae család héjszerkezetéről"
"Soosiana","7","1979","17_Soosiana_1979_7_Krolopp_82","82","82",NA,"Krolopp Endre","Scanning (sztereoscan) felvételek csigákról"
"Soosiana","7","1979","18_Soosiana_1979_7_Seidl_56-61","56","61",NA,"Seidl, Fritz, ifj.","Neue und wenig bekannte Sammel- und Präparationsmethoden für Land- und Süsswassermollusken = Új, kevésbé ismert gyűjtő és preparáló módszerek édesvizi és szárazföldi puhatestűekhez"
"Soosiana","7","1979","19_Soosiana_1979_7_Lisicky_89-92","89","92",NA,"Lisicky, M. J.","Nennenswerte Nacktschneckenfunde aus der Slowakei = Jelentős meztelen csiga-előfordulások Szlovákiában"
"Soosiana","7","1979","20_Soosiana_1979_7_PinterI_93-94","93","94",NA,"Pintér István","Felső-magyarországi csigaadatok"
"Soosiana","7","1979","21_Soosiana_1979_7_PinterL_95-96","95","96",NA,"Pintér László;Podani János","Oxychilus (Ortizius) translucidus (Mortillet 1854) Magyarországon (Gastropoda: Zonitidae)"
"Soosiana","7","1979","22_Soosiana_1979_7_PinterL_97-108","97","108",NA,"Pintér László;S. Szigethy Anna","Die Verbreitung der rezenten Mollusken Ungarns: Neunachweise und Berichtigungen, I. = A magyarországi recens puhatestűek elterjedése: Kiegészítések és helyesbítések, I."
"Soosiana","7","1979","23_Soosiana_1979_7_Baba_109","109","109",NA,"Bába Károly","Az Olasz Malakológiai Társaság IV. Kongresszusa"
"Soosiana","7","1979","24_Soosiana_1979_7_Anonim_110","110","110",NA,"","Hírek"
"Soosiana","8","1980","01_Soosiana_1980_8_I-VI","I","VI",NA,"","Front matter"
"Soosiana","8","1980","02_Soosiana_1980_8_Varga_1-2","1","2",NA,"Varga András","Bericht über das IV. Ungarische Malakologentreffen (1979) = Beszámoló a IV. Magyar Malakológustalálkozóról (1979)"
"Soosiana","8","1980","03_Soosiana_1980_8_Merenyi_3-4","3","4",NA,"Merényi László","A kannibalizmus egy megfigyelt esete akváriumban tartott Lymnaea stagnatilis (L.) egyedek között"
"Soosiana","8","1980","04_Soosiana_1980_8_Domokos_5-8","5","8",NA,"Domokos Tamás","Megjegyzések néhány magyarországi puhatestű héjszerkezetéhez"
"Soosiana","8","1980","05_Soosiana_1980_8_Otto_9-10","9","10",NA,"Ottó Lajos","Levél a szerkesztőnek: A Lipót községi termálfürdő puhatestűi"
"Soosiana","8","1980","06_Soosiana_1980_8_Varga_11-14","11","14",NA,"Varga András","Adatok a Medves-hegység puhatestű-faunájához"
"Soosiana","8","1980","07_Soosiana_1980_8_Richnovszky_15-16","15","16",NA,"Richnovszky Andor;Kiss Tibor","Die Wirkung von Agrarchemikalien auf die Molluskenfauna I. = Vegyszerezés hatása a Mollusca-faunára I."
"Soosiana","8","1980","08_Soosiana_1980_8_Szonoky_17-20","17","20",NA,"Szónoky Miklós","Odanőtt gyöngyök és gyöngyház-kinövések pliocénkori Congeriákon és Uniokon"
"Soosiana","8","1980","09_Soosiana_1980_8_Krolopp_21-23","21","23",NA,"Krolopp Endre","Fosszilis Unio-gyöngyök a magyarországi pleisztocén üledékekből"
"Soosiana","8","1980","10_Soosiana_1980_8_Krolopp_24","24","24",NA,"Krolopp Endre","Adatok az Ancylus fluviatilis O. F. Müller 1774 magyarországi recens és pleisztocén elterjedéséhez"
"Soosiana","8","1980","11_Soosiana_1980_8_Podani_25-27","25","27",NA,"Podani János","A Vácrátóti Arborétum puhatestű-faunája"
"Soosiana","8","1980","12_Soosiana_1980_8_Podani_28","28","28",NA,"Podani János","A Clausilia parvula Fér. új hazai lelőhelye"
"Soosiana","8","1980","13_Soosiana_1980_8_Varga_29-32","29","32",NA,"Varga András","Adatok a Perforatella incarnata (O. F. Müller 1774) biológiájának ismeretéhez"
"Soosiana","8","1980","14_Soosiana_1980_8_Mienis_33-34","33","34",NA,"Mienis, Henk K.","Oxychilus (Ortizius) translucidus (Mortillet 1854) also in Israel = Oxychilus (Ortizius) translucidus (Mortillet 1854) előfordulása Izraelben"
"Soosiana","8","1980","15_Soosiana_1980_8_PinterI_35-44","35","44",NA,"Pintér István","Győr-Sopron megye puhatestűi: Az eddigi kutatások felmérése (1979)"
"Soosiana","8","1980","16_Soosiana_1980_8_PinterL_45-46","45","46",NA,"Pintér László","Die Vitrea-Arten der MOUSSONschen Sammlung, Zürich = A zürichi MOUSSON-gyűjtemény Vitreái"
"Soosiana","8","1980","17_Soosiana_1980_8_Varga_47-48","47","48",NA,"Varga András","A Boettgerilla pallens Simroth 1912 újabb magyarországi lelőhelye"
"Soosiana","8","1980","18_Soosiana_1980_8_Eross_49-54","49","54",NA,"Erőss Zoltán Péter","Adatok a Déli-Börzsöny puhatestű-faunájához"
"Soosiana","8","1980","19_Soosiana_1980_8_Szabo_55-64","55","64",NA,"Szabó Sándor","Adatok a Felső-Kiskunság vizi puhatestűinek elterjedéséhez és mennyiségi viszonyaihoz"
"Soosiana","8","1980","20_Soosiana_1980_8_PinterL_65-80","65","80",NA,"Pintér László;S. Szigethy Anna","Die Verbreitung der rezenten Mollusken Ungarns: Neunachweise und Berichtigungen II. = A magyarországi recens puhatestűek elterjedése: Kiegészítések és helyesbítések II."
"Soosiana","8","1980","21_Soosiana_1980_8_Kiss_81-84","81","84",NA,"Kiss Éva","Malakológiai évfordulók, 1980"
"Soosiana","8","1980","22_Soosiana_1980_8_Fukoh_85-88","85","88",NA,"Fűköh Levente","Észak-magyarországi barlangok holocén üledékeinek kvartermalakológiai vizsgálata"
"Soosiana","8","1980","23_Soosiana_1980_8_Szerkesztoseg_89-90","89","90",NA,"","Bibliográfia az Európa környéki tengerek puhatestűinek meghatározásához"
"Soosiana","8","1980","24_Soosiana_1980_8_Urk_91-95","91","95",NA,"Urk, R. M. van","Urk, R. M. van Probleme in der Systematik am Beispiel der Gattung Ensis (Mollusca, Bivalvia) = Rendszerezési problémák az Ensis genus példáján"
"Soosiana","8","1980","25_Soosiana_1980_8_Butot_96","96","96",NA,"Butot, L. J. M.;Subai Péter","Butot, L. J. M. - Subai Péter Aufruf = Felhívás"
"Soosiana","8","1980","26_Soosiana_1980_8_Bookreviews_97-102","97","98",NA,"Pintér László","Schileyko, A. A. (1978): Nazemnüje molljuszki nadszemejsztva Helicoidea. Fauna SzSzSzR, Molljuszki, III (6): 1-384, Leningrad"
"Soosiana","8","1980","26_Soosiana_1980_8_Bookreviews_97-102","98","98",NA,"Pintér László","Akramovszkij, N. N. (1976): Fauna Armjanszkoj SzSzR. Molljuszki (Mollusca). Akad. Nauk Armj. SzSzR, Jerevan, 1-272"
"Soosiana","8","1980","26_Soosiana_1980_8_Bookreviews_97-102","98","98",NA,"Pintér László","Indexes to the Nautilus: Geographical (Vols. 1-90) and Scientific Names (Vols. 61-90). Ed.: R. Tucker Abbot. American Malacologists, Inc., 1979: I-IV, 1-238"
"Soosiana","8","1980","26_Soosiana_1980_8_Bookreviews_97-102","99","99",NA,"Pintér László","Piechocki, A. (1979): Mieczaki (Mollusca). Slimaki (Gastropoda), Fauna Slodkowodna Polski, 7: 1-187. PWN, Warszawa - Poznan"
"Soosiana","8","1980","26_Soosiana_1980_8_Bookreviews_97-102","99","100",NA,"Pintér László","Damjanov, Sz. T. & Likharev, I. M. (1975): Szuhozemni ohljuvi (Gastropoda terrestria). Fauna na Balgarija, 4: 1-425, Szofia"
"Soosiana","8","1980","26_Soosiana_1980_8_Bookreviews_97-102","100","100",NA,"Pintér László","Riedel, A. (1980): Genera Zonitidarum. Diagnosen supraspezifischer Taxa der Familie Zonitidae (Gastropoda, Stylommatophora). Rotterdam, ed. W. Backhuys, 1-197"
"Soosiana","8","1980","26_Soosiana_1980_8_Bookreviews_97-102","100","100",NA,"Richnovszky Andor","Walls, J. G. (1978): Cone shells - a synopsis of the living Conidae. T. F. H. Publications, Inc., Neptune City: 1-1011"
"Soosiana","8","1980","26_Soosiana_1980_8_Bookreviews_97-102","101","101",NA,"","Campbell, A. C. (1979): The Hamlyn Guide to the Seashore and Shallow Seas of Britain and Europe. Illustr. J. Nicholls. - Hamlyn Publ. Co., London, p.1-320. 3. ed."
"Soosiana","8","1980","26_Soosiana_1980_8_Bookreviews_97-102","101","102",NA,"Krolopp Endre","Richnovszky Andor - Pintér László (1979): A vizicsigák és kagylók (Mollusca) kishatározója. Vizügyi Hidrobiológia 6: 1-206. VIZDOK, Budapest "
"Soosiana","9","1981","01_Soosiana_1981_9_I-VI","I","VI",NA,"","Front matter"
"Soosiana","9","1981","02_Soosiana_1981_9_Baba_1-2","1","2",NA,"Bába Károly","Beszámoló a VII. Nemzetközi Malakológiai Kongresszusról"
"Soosiana","9","1981","03_Soosiana_1981_9_Drimmer_3-4","3","4",NA,"Drimmer László","Bericht über das V. Ungarische Malakologentreffen (1980) = Beszámoló az V. Magyar Malakológustalálkozóról (1980)"
"Soosiana","9","1981","04_Soosiana_1981_9_Fukoh_5-8","5","8",NA,"Fűköh Levente","A Kis-kőháti-zsomboly holocén Mollusca-faunája"
"Soosiana","9","1981","05_Soosiana_1981_9_Domokos_9-12","9","12",NA,"Domokos Tamás","Megjegyzések egyes Anisus-fajok növekedési vonalaival kapcsolatban"
"Soosiana","9","1981","06_Soosiana_1981_9_Baba_13-22","13","22",NA,"Bába Károly","Magyarország szárazföldi csigáira vonatkozó új állatföldrajzi felosztás tanulságai"
"Soosiana","9","1981","07_Soosiana_1981_9_Varga_23","23","23",NA,"Varga András","A Hygromia kovacsi Varga et Pintér romániai előfordulása"
"Soosiana","9","1981","08_Soosiana_1981_9_Varga_24","24","24",NA,"Varga András","Daudebardia-múmiák anatómiai vizsgálata"
"Soosiana","9","1981","09_Soosiana_1981_9_Suara_25-26","25","26",NA,"Suara Róbert","Az Oxychilus hydatinus (Rossm.) újabb magyarországi lelőhelye"
"Soosiana","9","1981","10_Soosiana_1981_9_Podani_27-28","27","28",NA,"Podani János","Tengeri csigák és kagylók Bartók Béla hagyatékában"
"Soosiana","9","1981","11_Soosiana_1981_9_PinterI_29-32","29","32",NA,"Pintér István","A malakológiai felkutatottság mértékének kiszámítása becsléssel"
"Soosiana","9","1981","12_Soosiana_1981_9_Kiss_33-36","33","36",NA,"Kiss Éva","Malakológiai évfordulók, 1981"
"Soosiana","9","1981","13_Soosiana_1981_9_Kiss_37-46","37","46",NA,"Kiss Éva","A magyarországi recens Clausiliidák garatredői"
"Soosiana","9","1981","14_Soosiana_1981_9_Eross_47-48","47","48",NA,"Erőss Zoltán Péter","Vertigo substriata (Jeffreys 1833) a Börzsöny-hegységben"
"Soosiana","9","1981","15_Soosiana_1981_9_PinterI_49-60","49","60",NA,"Pintér István","Zala megye malakológiai felmérése"
"Soosiana","9","1981","16_Soosiana_1981_9_Bognar_61-64","61","64",NA,"Bognár Ferenc","A Helisoma nigricans (Say) és a Lymnaea peregra (O. F. Müller) életmódja"
"Soosiana","9","1981","17_Soosiana_1981_9_PinterL_65-66","65","66",NA,"Pintér László;Varga András","Bulgarica (Bulgarica) rugicollis (Rossmässler 1836) neu für Ungarn = Új faj a magyar faunában: Bulgarica (Bulgarica) rugicollis (Rossmässler 1836)"
"Soosiana","9","1981","18_Soosiana_1981_9_Bookreviews_67-69","67","67",NA,"Podani János","Dance, S. P. (1977): Das grosse Buch der Meeresmuscheln. Verlag Eugen Ulmer, Stuttgart, p.1-304"
"Soosiana","9","1981","18_Soosiana_1981_9_Bookreviews_67-69","67","68",NA,"Podani János","Oliver, A. P. H. (1980): The Hamlyn Guide to Shells of the World. Illustrated by J. Nicholls. Hamlyn Publ. Co., London, p.1-320. 2nd edition"
"Soosiana","9","1981","18_Soosiana_1981_9_Bookreviews_67-69","68","68",NA,"Krolopp Endre","Megjelent a Malakológiai Tájékoztató 1. száma"
"Soosiana","9","1981","18_Soosiana_1981_9_Bookreviews_67-69","68","68",NA,"Bába Károly","Kerney, M. P. & Cameron, R. A. D. (1979): A Field Guide to the Land Snails of Britain and North-West Europe. Collins, London, p.288"
"Soosiana","9","1981","18_Soosiana_1981_9_Bookreviews_67-69","69","69",NA,"Bába Károly","Godan, D. (1979): Schadschnecken und ihre Bekämpfung. Verlag Eugen Ulmer, Stuttgart, p.1-467"
"Soosiana","9","1981","18_Soosiana_1981_9_Bookreviews_67-69","69","69",NA,"Flasar, Ivo","Likharev, I. M. & Wiktor, A. (1980): Szlizni faunü SzSzSzR i Szopredelnüh sztran (Gastropoda terrestria nuda). In: Fauna SzSzSzR Molljuszki, III (5): p.1-438, Leningrad, ""Nauka"""
"Soosiana","9","1981","18_Soosiana_1981_9_Bookreviews_67-69","69","69",NA,"Pintér László","100 éve jelent meg... [Hazay Gyula: Die Molluskenfauna von Budapest]"
"Soosiana","9","1981","19_Soosiana_1981_9_Richnovszky_70","70","70",NA,"Richnovszky Andor","Dr. Pintér István 70 éves"
"Soosiana","9","1981","20_Soosiana_1981_9_Wagner_71-72","71","72",NA,"Wagner Mária","Dr. Wagner János (1906-1948) emlékének"
"Soosiana","9","1981","21_Soosiana_1981_9_Krolopp_73-74","73","74",NA,"Krolopp Endre","Megemlékezés Kormos Tivadarról"
"Soosiana","9","1981","22_Soosiana_1981_9_Szabo_75-81","75","81",NA,"Szabó Sándor","Adatok a vizicsigák eloszlásvizsgálatához"
"Soosiana","9","1981","23_Soosiana_1981_9_Kroupa_82","82","82",NA,"Kroupa, O.","Ivan Buresch"
"Soosiana","10-11","1983","01_Soosiana_1983_10-11_I-VI","I","VI",NA,"","Front matter"
"Soosiana","10-11","1983","02_Soosiana_1983_10-11_Redaction_1-2","1","2",NA,"","10 Jahre Soosiana - 10 years of Soosiana"
"Soosiana","10-11","1983","03_Soosiana_1983_10-11_Fukoh_3-4","3","4",NA,"Fűköh Levente","Bericht über das VI. Ungarische Malakologentreffen (1981) = Beszámoló a VI. Magyar Malakológustalálkozóról (1981)"
"Soosiana","10-11","1983","04_Soosiana_1983_10-11_Richnovszky_5-6","5","6",NA,"Richnovszky Andor","Bericht über das VII. Ungarische Malakologentreffen (1982) = Beszámoló a VII. Magyar Malakológustalálkozóról (1982)"
"Soosiana","10-11","1983","05_Soosiana_1983_10-11_Radocz_7-10","7","10",NA,"Radócz Gyula","Cypraea surinamensis Perry Kubából"
"Soosiana","10-11","1983","06_Soosiana_1983_10-11_Bard_11-15","11","15",NA,"Bárd Miklósné","Adatok Kelet-Afrika tengeri puhatestű faunájához"
"Soosiana","10-11","1983","07_Soosiana_1983_10-11_Podani_16","16","16",NA,"Podani János","Clarke, A. H. (1981): The Freshwater Molluscs of Canada. National Museums of Canada, p.1-446"
"Soosiana","10-11","1983","08_Soosiana_1983_10-11_Piechocki_17-21","17","21",NA,"Piechocki, Andrzej","Fortpflanzungsbiologie und Lebenszyklus von Pisidium casertanum (Poli) (Bivalvia, Sphaeiidae)"
"Soosiana","10-11","1983","09_Soosiana_1983_10-11_Podani_22","22","22",NA,"Podani János","Hinton, A. (1979): Shells of New Guinea and the Central Indo-pacific. Tuttle Co., Rutland, Vermont, p.1-94, pl.1-44"
"Soosiana","10-11","1983","10_Soosiana_1983_10-11_Nemeth_23-24","23","24",NA,"Németh László","Adatok Csongrád és környéke Mollusca-faunájához"
"Soosiana","10-11","1983","11_Soosiana_1983_10-11_Baba_25-30","25","30",NA,"Bába Károly;Varga András;Wagner Mária;Zseni László","Adatok a Bükk hegységi szárazföldi csigafauna eloszlását befolyásoló biotikus tényezőkhöz"
"Soosiana","10-11","1983","12_Soosiana_1983_10-11_Fukoh_31-37","31","37",NA,"Fűköh Levente;Krolopp Endre","A Muflon-barlang negyedkori üledékeinek malakológiai vizsgálata"
"Soosiana","10-11","1983","13_Soosiana_1983_10-11_Krolopp_38","38","38",NA,"Krolopp Endre","Josef Paul Lueger (1981): Die Landschnecken im Pannon und Pont des Wiener Beckens. Öst. Akad. Wiss., Math.-Naturw. Kl. 120. p.1-124"
"Soosiana","10-11","1983","14_Soosiana_1983_10-11_Kovacs_39-44","39","44",NA,"Kovács Gyula;Richnovszky Andor","Malakologische Untersuchung des Sees von Velence, II."
"Soosiana","10-11","1983","15_Soosiana_1983_10-11_Varga_45-46","45","46",NA,"Varga András","Wirth Tibor Mollusca-gyűjteménye"
"Soosiana","10-11","1983","16_Soosiana_1983_10-11_KissJB_57-66","57","66",NA,"Kiss J. Botond;Rékási József;Richnovszky Andor","Dobrudzsában (Románia) gyűjtött vadmadarak puhatestű tápláléka"
"Soosiana","10-11","1983","17_Soosiana_1983_10-11_Nemeth_67-68","67","68",NA,"Németh László","A Lymnaea (Radix) peregra (O. F. Müller) ellenállóképességének egy megfigyelt esete"
"Soosiana","10-11","1983","18_Soosiana_1983_10-11_Majoros_69-73","69","73",NA,"Majoros Gábor","A Planorbis planorbis (Linné) és a Planorbis carinatus (O. F. Müller) anatómiai különbségei"
"Soosiana","10-11","1983","19_Soosiana_1983_10-11_Varga_74","74","74",NA,"Varga András","In memoriam Tibor Weisz (1914-1983)"
"Soosiana","10-11","1983","20_Soosiana_1983_10-11_Krolopp_75-78","75","78",NA,"Krolopp Endre","Verzeichnis der pleistozänen Mollusken Ungarns = A magyarországi pleisztocén Mollusca-fajok jegyzéke"
"Soosiana","10-11","1983","21_Soosiana_1983_10-11_Szabo_79-85","79","85",NA,"Szabó Sándor","Adatok a Szalajka-patakban élő Sadleriana pannonica (Frauenfeld) eloszlásviszonyaihoz"
"Soosiana","10-11","1983","22_Soosiana_1983_10-11_Podani_86","86","86",NA,"Podani János","R. Tucker Abbott - S. Peter Dance (1982): Compendium of Seashell. E. F. Dutton, Inc., New York"
"Soosiana","10-11","1983","23_Soosiana_1983_10-11_Wiktor_87-111","87","111",NA,"Wiktor, Andrzej;Szigethy S. Anna","The distribution of slugs in Hungary (Gastropoda: Pulmonata) = A házatlan csigák magyarországi elterjedéde (Gastropoda: Pulmonata)"
"Soosiana","10-11","1983","24_Soosiana_1983_10-11_Kovacs_112","112","112",NA,"Kovács Gyula","Az Ancylus fluviatilis (O. F. Müller) Békés megyei előfordulása"
"Soosiana","10-11","1983","25_Soosiana_1983_10-11_Kiss_113-120","113","120",NA,"Kiss Éva","Malakológiai évfordulók, 1982"
"Soosiana","10-11","1983","26_Soosiana_1983_10-11_Kiss_121-124","121","124",NA,"Kiss Éva","Malakológiai évfordulók, 1983"
"Soosiana","10-11","1983","27_Soosiana_1983_10-11_Domokos_125-134","125","134",NA,"Domokos Tamás","Shell morphometry of Chondrula tridens (O. F. Müller) from the surroundings of Békéscsaba (Gastropoda, Enidae) = Békéscsaba környéki Chondrula tridens (O. F. Müller) héjmorfológiai vizsgálata (Gastropoda, Enidae)"
"Soosiana","10-11","1983","28_Soosiana_1983_10-11_Suara_135-173","135","173",NA,"Suara Róbert","A magyarországi recens puhatestűek elterjedése c. könyv korrektúrája a földrajzi nevek helyessége szempontjából"
"Soosiana","12","1984","01_Soosiana_1984_12_I-VI","I","VI",NA,"","Front matter"
"Soosiana","12","1984","02_Soosiana_1984_12_PinterL_1-2","1","2",NA,"Pintér László","Beszámoló a VIII. Nemzetközi Malakológiai Kongresszusról"
"Soosiana","12","1984","03_Soosiana_1984_12_Fukoh_3-6","3","6",NA,"Fűköh Levente","Adatok a mónosbéli (Bükk) édesvízi mészkő és mésziszap üledékek Mollusca-faunájához"
"Soosiana","12","1984","04_Soosiana_1984_12_Krolopp_7-10","7","10",NA,"Krolopp Endre","A magyarországi pleisztocén Mollusca-fauna jellemvonásai"
"Soosiana","12","1984","05_Soosiana_1984_12_Domokos_11-18","11","18",NA,"Domokos Tamás","Az Anisus septemgyratus (Rossmässler) és az Anisus leucostoma (Millet) fajok statisztikus vizsgálata II. 2."
"Soosiana","12","1984","06_Soosiana_1984_12_Petro_19-22","19","22",NA,"Petró Ede","A Hygromia cinctella (Draparnaud) újabb magyarországi lelőhelye"
"Soosiana","12","1984","07_Soosiana_1984_12_Nemeth_23-24","23","24",NA,"Németh László","Adatok a Százhalombattai Dunai Kőolajipari Vállalat Mollusca-faunájához"
"Soosiana","12","1984","08_Soosiana_1984_12_PinterL_25-30","25","30",NA,"Pintér László","Nyelvészeti és nomenklatúrai megjegyzések"
"Soosiana","12","1984","09_Soosiana_1984_12_Suara_31-34","31","34",NA,"Suara Róbert","Néhány adat a Velencei-hegység Mollusca-faunájához"
"Soosiana","12","1984","10_Soosiana_1984_12_Kiss_35-40","35","40",NA,"Kiss Éva","Malakológiai évfordulók, 1984"
"Soosiana","12","1984","11_Soosiana_1984_12_Petro_41-42","41","42",NA,"Petró Ede","Rendellenes növekedésű alakok a lapostekercsű édesvízi csigáknál (Valvatidae és Planorbidae)"
"Soosiana","12","1984","12_Soosiana_1984_12_Jakab_43-48","43","48",NA,"Jakab Gábor;Balázs Éva;Szöőr Gyula","Unionidae héjak termoanalitikai vizsgálata kemotaxonómiai kiértékeléssel (Bivalvia)"
"Soosiana","12","1984","13_Soosiana_1984_12_Baba_49","49","49",NA,"Bába Károly","Cochlicopa repentina Hudec, 1960 előfordulása a magyar faunában"
"Soosiana","12","1984","14_Soosiana_1984_12_Szonoky_50","50","50",NA,"Szónoky Miklós","Emlékezés Dr. Horváth Andorra (1913-1972)"
"Soosiana","12","1984","15_Soosiana_1984_12_Szabo_51-59","51","59",NA,"Szabó Sándor","Über die Dispersionsverhältnisse der im Wassersystem des Garadna-Baches lebenden Sadleriana pannonica (Frauenfeld) = A Garadna-patak vízrendszerében előforduló Sadleriana pannonica (Frauenfeld) eloszlásviszonyairól"
"Soosiana","12","1984","16_Soosiana_1984_12_Fukoh_60","60","60",NA,"Fűköh Levente","Emlékezés Legányi Ferencre (1884-1964)"
"Soosiana","12","1984","17_Soosiana_1984_12_Szorenyi_61-68","61","68",NA,"Szörényi László","Sopron környéki erdőtípusok puhatestűinek összehasonlító vizsgálata"
"Soosiana","12","1984","18_Soosiana_1984_12_Urk_69-81","69","81",NA,"Urk, R. M. van","Die rezenten und fossilen Arten der Gattung Ensis (Mollusca, Bivalvia) in Europa. Eine synoptische Übersicht = Az Ensis genusz európai recens és fosszilis fajai (Mollusca, Bivalvia)"
"Soosiana","12","1984","19_Soosiana_1984_12_Szerkesztoseg_82","82","82",NA,"","+ Dr. Keve András (1909-1984)"
"Soosiana","12","1984","20_Soosiana_1984_12_Starmuhlner_83-102","83","102",NA,"Starmühlner, Ferdinand","Occurrence, longitudinal distribution and geographical range of the fresh- and brackish water molluscs of the Lesser Antillean Islands (Guadeloupe, Dominica and Martinique) = A Kisantillák (Guadeloupe, Dominica és Martinique) édes- és brakkvízi puhatestűinek elterjedése"
"Soosiana","12","1984","21_Soosiana_1984_12_Mackie_103-116","103","116",NA,"Mackie, G. L.","Some effects of lake acidification on Pisidiidae in Southern Ontario, Canada = Tavi acidifikáció hatása a Pisidiumokra Dél-Ontarioban, Kanada"
"Soosiana","12","1984","22_Soosiana_1984_12_PinterL_117-122","117","122",NA,"Pintér László;Varga András","Lampedusa (Lampedusa) lopadusae (Calcara 1846): héjmorfológiai és anatómiai megjegyzések"
"Soosiana","12","1984","23_Soosiana_1984_12_Bookreviews_123-125","123","123",NA,"Pintér László","Bükki Nemzeti Park. Kilátás a kövekről. Szerk.: Sándor A. - Mezőgazdasági K., Bp., 1983, pp.446, 48 tábla. 130.- Ft"
"Soosiana","12","1984","23_Soosiana_1984_12_Bookreviews_123-125","124","124",NA,"Krolopp Endre;Pintér László","Kerney, M. P., Cameron, R. A. D., Jungbluth, J. H. (1983): Die Landschnecken Nord- und Mitteleuropas. Ein Bestimmungsbuch für Biologen und Naturfreunde. - Verlag P. Parey, Hamburg und Berlin, pp.384, T.24"
"Soosiana","12","1984","23_Soosiana_1984_12_Bookreviews_123-125","125","125",NA,"Krolopp Endre","Magyarországi pleisztocén és recens malakológiai bibliográfia. Szerk.: Merényi L. - Budapest, pp.116 (kézirat) "
"Soosiana","13","1985","01_Soosiana_1985_13_I-VI","I","VI",NA,"","Front matter"
"Soosiana","13","1985","02_Soosiana_1985_13_Alonso_1-10","1","10",NA,"Alonso, M. R.;Alcántara, A. López;Rivas, A.;Ibánez, M.","A biogeographic study of Iberus gualtierianus L. (Pulmonata: Helicidae) = Az Iberus gualtierianus L. (Pulmonata: Helicidae) állatföldrajzi vizsgálata"
"Soosiana","13","1985","03_Soosiana_1985_13_Morton_11-26","11","26",NA,"Morton, Brian","Tube formation in the Bivalvia = Csövek kialakulása kagylóknál"
"Soosiana","13","1985","04_Soosiana_1985_13_Wilson_27-32","27","32",NA,"Wilson, James G.","Oxygen consumption of Tellina fabula Gmelin in relation to temperature and low oxygen tension = A Tellina fabula Gmelin oxigénfogyasztásának függése a hőmérséklettől és oxigénhiánytól"
"Soosiana","13","1985","05_Soosiana_1985_13_PinterI_33-34","33","34",NA,"Pintér István","In memoriam: Dr. Keve András (1909. XI. 10. - 1984. III. 30.)"
"Soosiana","13","1985","06_Soosiana_1985_13_Kiss_34","34","34",NA,"Kiss Éva","Keve (Kleiner) András"
"Soosiana","13","1985","07_Soosiana_1985_13_Kiss_35-38","35","38",NA,"Kiss Éva","Malakológiai évfordulók, 1985"
"Soosiana","13","1985","08_Soosiana_1985_13_Perjesi_39-42","39","42",NA,"Perjési György","Néhány adat a Hygromia cinctella (Draparnaud) ismeretéhez, magyarországi és európai elterjedéséhez"
"Soosiana","13","1985","09_Soosiana_1985_13_Furjes_43-54","43","54",NA,"Fürjes Imre","Az Aegopinella Lindholm, 1927 genus Magyarországon (Gastropoda: Zonitidae)"
"Soosiana","13","1985","10_Soosiana_1985_13_Szorenyi_55-58","55","58",NA,"Szörényi László","Új csigafaj a magyarországi faunában: Macrogastra densestriata (Rossmässler)"
"Soosiana","13","1985","11_Soosiana_1985_13_Szabo_59-62","59","62",NA,"Szabó Sándor","Adatok az ÉNy-i Bükk patakjaiban élő Sadleriana pannonica (Frauenfeld) eloszlásviszonyaihoz"
"Soosiana","13","1985","12_Soosiana_1985_13_Shoeb_63-68","63","68",NA,"Shoeb, H. A.;El-Emam, M. A.;El-Amin, S. M.;Osman, N. S.","The molluscicidal properties of Euphorbia helioscopia (Euphorbiaceae) = Az Euphorbia helioscopia (Euphorbiaceae) molluszkicid tulajdonságai"
"Soosiana","13","1985","13_Soosiana_1985_13_Radocz_69-77","69","77",NA,"Radócz Gyula","A kubai szárazföldi csigák jellegzetes alakjai"
"Soosiana","13","1985","14_Soosiana_1985_13_Fukoh_78","78","78",NA,"Fűköh Levente","Report on the 9th Meeting of the Hungarian Malakologists (1984) = Beszámoló a IX. Magyar Malakológus Találkozóról"
"Soosiana","13","1985","15_Soosiana_1985_13_Baba_79-88","79","88",NA,"Bába Károly","Új malakológiai folyóirat"
"Soosiana","13","1985","15_Soosiana_1985_13_Domokos_89-91","89","91",NA,"Domokos Tamás","Investigation of the growth rate of two terrestrial snails: Bradybaena fruticum (O. F. Müller) and Euomphalia strigella (Draparnaud), Pulmonata = A Bradybaena fruticum (O. F. Müller) és az Euomphalia strigella (Draparnaud) növekedésének vizsgálata (Gastropoda: Pulmonata)"
"Soosiana","13","1985","17_Soosiana_1985_13_Baba_92","92","92",NA,"Bába Károly","Adatok Ostróda (Lengyelország) vízi és vízparti malakofaunájához"
"Soosiana","13","1985","18_Soosiana_1985_13_Kiss_93-144","93","144",NA,"Kiss Éva - Pintér László","A magyarországi recens Clausiliidák reviziója (Gastropoda)"
"Soosiana","13","1985","19_Soosiana_1985_13_Fukoh_145-146","145","146",NA,"Fűköh Levente - Krolopp Endre","Verzeichnis der holozänen Mollusken Ungarns"
"Soosiana","13","1985","20_Soosiana_1985_13_Alexandrowicz_147-149","147","149",NA,"Alexandrowicz, Stefan Witold","Successions of the Holocene molluscan assemblages in the Cracow Upland = Puhatestű fajegyüttesek szukcessziója a Krakkói síkság holocénjében"
"Soosiana","14","1986","01_Soosiana_1985_14_I-VI","I","VI",NA,"","Front matter"
"Soosiana","14","1986","02_Soosiana_1985_14_Domokos_1-3","1","3",NA,"Domokos Tamás","Logaritmikus spirál szerint növekvő csigahéjak geometriai, aritmetikai leírásának lehetősége"
"Soosiana","14","1986","03_Soosiana_1985_14_Meier-Brook_4","4","4",NA,"Meier-Brook, C.","The Tenth International Malacological Congress"
"Soosiana","14","1986","04_Soosiana_1985_14_Baba_5-6","5","6",NA,"Bába Károly","Clausilia cruciata Studer 1820 a Bükkben"
"Soosiana","14","1986","05_Soosiana_1985_14_Krolopp_7-13","7","13",NA,"Krolopp Endre","Marstoniopsis scholtzi (A. Schmidt 1856) a magyarországi holocén üledékekből"
"Soosiana","14","1986","06_Soosiana_1985_14_Kiss_15-23","15","23",NA,"Kiss Éva","Malakológiai évfordulók, 1986"
"Soosiana","14","1986","07_Soosiana_1985_14_Urk_25-29","25","29",NA,"Urk, R. M. van","Eine systematisch-nomenklatorische Frage am Beispil der Gattung Ensis Schumacher (Mollusca, Bivalvia) = Egy rendszertani és nomenklaturai kérdés az Ensis Schumacher genus (Mollusca, Bivalvia) példája alapján"
"Soosiana","14","1986","08_Soosiana_1985_14_Bognar_31-33","31","33",NA,"Bognár Ferenc","Adatok a Kiskunsági Nemzeti Park malakofaunájához"
"Soosiana","14","1986","09_Soosiana_1985_14_Baba_35-44","35","44",NA,"Bába Károly","Állatföldrajzi besorolások. A fauna értékelése"
"Soosiana","14","1986","10_Soosiana_1985_14_Kiss_45-50","45","50",NA,"Kiss J. Botond;Rékási József;Richnovszky Andor","Die Untersuchung des Mageninhalt der im Donau-Delta gesammelten Vögel = A Duna-Deltában gyűjtött madarak gyomortartalom-vizsgálata"
"Soosiana","14","1986","11_Soosiana_1985_14_Antonovits_51-54","51","54",NA,"Antonovits Dániel","Adatok Magyarországon gyűjtött madarak puhatestű táplálékáról"
"Soosiana","14","1986","12_Soosiana_1985_14_Krolopp_55-57","55","57",NA,"Krolopp Endre","Bürk, R., Jungbluth, J. H. (1985): 140 Jahre Molluskenkunde im deutschsprachigen Raum 1844-1984. Természettudományi Múzeum, Budapest, 1985, pp. 348"
"Soosiana","14","1986","13_Soosiana_1985_14_Krolopp_59-60","59","60",NA,"Krolopp Endre","Könyvismertetés"
"Soosiana","14","1986","14_Soosiana_1985_14_Fukoh_61-69","61","69",NA,"Fűköh Levente","Comparing the Holocene and the recent mollusk fauna of Hungary = Magyarország holocén és recens mollusca-faunájának összehasonlítása"
"Soosiana","14","1986","15_Soosiana_1985_14_in_Suppl_I_INDEX_Kiss-PinterL_70-151","70","151",NA,"Kiss Éva;Pintér László","Index: Soosiana 1-13, Suppl. I."
"Soosiana","15","1987","01_Soosiana_1987_15_I-VI","I","VI",NA,"","Front matter"
"Soosiana","15","1987","02_Soosiana_1987_15_Domokos_1-4","1","4",NA,"Domokos Tamás","Beszámoló a 11. Magyar Malakológus Találkozóról"
"Soosiana","15","1987","03_Soosiana_1987_15_Frank_5-33","5","33",NA,"Frank, Christa","Aquatische und terrestrische Mollusken des österreichischen Donautales und der angrenzenden Biotope. Teil XIII. Supplement zu Teil I-XII. = A Duna-völgy és a hozzá kapcsolódó biotópok vizi és szárazföldi puhatestűi. XIII. rész. Kiegészítés az I-XII. részekhez"
"Soosiana","15","1987","04_Soosiana_1987_15_Meier-Brook_34","34","34",NA,"Meier-Brook, C.","The Tenth International Malacological Congress"
"Soosiana","15","1987","05_Soosiana_1987_15_Nemeth_35-42","35","42",NA,"Németh László;Bába Károly;Szörényi László","Új Clausiliida faj Magyarországon: Cochlodina fimbriata (Rossmässler, 1835)"
"Soosiana","15","1987","06_Soosiana_1987_15_Richnovszky_43-48","43","48",NA,"Richnovszky Andor;Ponyi Jenő;Járai József","Zum Vorkommen von Unio pictorum L. im Balaton = Az Unio pictorum L. balatoni előfordulásáról"
"Soosiana","15","1987","07_Soosiana_1987_15_Kuiper_49-56","49","56",NA,"Kuiper, J.;Richnovszky Andor","Ein Beitrag zur Kenntnis der Kleinmuschel-Fauna des Morgó- und des Sződ-Rákos Baches = Adatok a Morgó- és Sződ-Rákos-patakok törpekagylóinak ismeretéhez"
"Soosiana","15","1987","08_Soosiana_1987_15_Kiss_57-66","57","66",NA,"Kiss Éva","Malakológiai évfordulók, 1987"
"Soosiana","16","1988","01_Soosiana_1988_16_I-V","I","V",NA,"","Front matter"
"Soosiana","16","1988","02_Soosiana_1988_16_Meier_VI","VI","VI",NA,"Meier-Brook, C.","The Tenth International Malacological Congress"
"Soosiana","16","1988","03_Soosiana_1988_16_Sumegi_1-2","1","2",NA,"Sümegi Pál","Beszámoló a 12. Magyar Malakológus Találkozóról"
"Soosiana","16","1988","04_Soosiana_1988_16_Mienis_3-5","3","5",NA,"Mienis, Henk K.","A first record of Oxychilus cypirus from Jordan and Israel = Az Oxychilus cyprius első előfordulása Jordániában és Izraelben"
"Soosiana","16","1988","05_Soosiana_1988_16_ Mienis_6-8","6","8",NA,"Mienis, Henk K.","A new record of Melanoides tuberculata from Malta = A Melanoides tuberculata új előfordulása Máltán"
"Soosiana","16","1988","06_Soosiana_1988_16_Varga_9-14","9","14",NA,"Varga András","Die Überprüfung des rezenten malakologischen Materials von A. Gebhardt = Gebhardt Antal recens malakológiai anyagának reviziója"
"Soosiana","16","1988","07_Soosiana_1988_16_KissA_15-18","15","18",NA,"Kiss Árpád;Pekli József","Unterschiede in den Massangaben zwischen den Amur-Muschelpopulationen (Anodonta woodiana woodiana Lea, 1834) in Szarvas und in Gyula = Eltérések a gyulai és a szarvasi amuri-kagyló populáció (Anodonta woodiana woodiana Lea, 1834) méretadatai között"
"Soosiana","16","1988","08_Soosiana_1988_16_Majoros_19-35","19","35",NA,"Majoros Gábor","A Stylommatophorák ivarszervének működéséről"
"Soosiana","16","1988","09_Soosiana_1988_16_Reklam_36-38","36","38",NA,"","Reklám = Advertisement"
"Soosiana","16","1988","10_Soosiana_1988_16_Zeissler_39-42","39","42",NA,"Zeissler, Hildegard","Eine Waldschneckenfauna im Exil = Egy száműzött erdei csigafauna"
"Soosiana","16","1988","11_Soosiana_1988_16_Lisicky_43-56","43","56",NA,"Lisicky, Mikulás J.","Weichtiere der Krupinská planina und Javorie Gebirge (CSSR) = A Krupina fennsík és a Jávoros hegység puhatestűi (CSSR)"
"Soosiana","16","1988","12_Soosiana_1988_16_Baba_57-68","57","68",NA,"Bába Károly","Ökologischer Datenbogen im Dienste der malakologischen Erkenntnis in Ungarn = Ökológiai adatlapok a magyar malakológiai kutatás szolgálatában"
"Soosiana","16","1988","13_Soosiana_1988_16_Frank_69-182","69","182",NA,"Frank, Christa","Die Mollusken (Gastropoda et Bivalvia) des österreichischen Donautales. (Supplement III des Catalogus Faunae Austriae) = Az osztrák Duna-völgy puhatestűi (Gastropoda et Bivalvia)"
"Soosiana","17","1989","01_Soosiana_1989_17_I-VI","I","VI",NA,"","Front matter"
"Soosiana","17","1989","02_Soosiana_1989_17_Baba_1-2","1","2",NA,"Bába Károly","Beszámoló a 13. Magyar Malakológus Találkozóról"
"Soosiana","17","1989","03_Soosiana_1989_17_Frank_3-99","3","99",NA,"Frank, Christa","Die Mollusken (Gastropoda et Bivalvia) des österreichischen Donautales. (Supplement III des Catalogus Faunae Austriae). (Fortsetzung) = Az osztrák Duna-völgy puhatestűi (Gastropoda et Bivalvia)"
"Soosiana","17","1989","04_Soosiana_1989_17_Richonvszky_100","100","100",NA,"Richnovszky Andor","Kevin Lampell: Spiny Oyster Shells of the World. Spondylus. (Consulting Editor: Thora Whitehead). E. J. Brill - Dr. W. Backhuys, Leiden, 1987"
"Soosiana","17","1989","05_Soosiana_1989_17_ Kovacs_101-106","101","106",NA,"Kovács Gyula;Richnovszky Andor","Beiträge zur Molluskenfauna des Szársomlyó = Adatok a Szársomlyó mollusca faunájához"
"Soosiana","17","1989","06_Soosiana_1989_17_ Kovacs_107-112","107","112",NA,"Kovács Gyula;Rékási József;Richnovszky Andor","Die Molluskenfauna des Arboretum von Pannonhalma. I. Teil = A pannonhalmi arborétum mollusca faunája. I. rész"
"Soosiana","17","1989","07_Soosiana_1989_17_Nyilas_113-115","113","115",NA,"Nyilas István;Sümegi Pál","Pointing out Cochlicopa nitens (Gallenstein, 1848) a new species for the Pleistocene in Hungary, in the territory of the Hortobágy National Park = A magyarországi pleisztocénra új faj, a Cochlicopa nitens (Gallenstein, 1848) kimutatása a Hortobágyi Nemzeti Park területén"
"Soosiana","17","1989","08_Soosiana_1989_17_Reklam_116-117","116","117",NA,"","Reklám = Advertisement"
"Soosiana","18","1990","01_Soosiana_1990_18_I-VI","I","VI",NA,"","Front matter"
"Soosiana","18","1990","02_Soosiana_1990_18_Richnovszky_1-2","1","2",NA,"Richnovszky Andor","Beszámoló a 14. Magyar Malakológus Találkozóról"
"Soosiana","18","1990","03_Soosiana_1990_18_Baba_3-4","3","4",NA,"Bába Károly","Tizedik Nemzetközi Malakológiai Kongresszus, Tübingen"
"Soosiana","18","1990","04_Soosiana_1990_18_Krolopp_5-10","5","10",NA,"Krolopp Endre;Sümegi Pál","Vorkommen von Vestia turgida (Rossmässler, 1836) in den pleistozänen Sedimenten Ungarns = A Vestia turgida (Rossmässler, 1836) előfordulása a magyarországi pleisztocén üledékekben"
"Soosiana","18","1990","05_Soosiana_1990_18_ Molnar_11-16","11","16",NA,"Molnár Andor;Sümegi Pál","Classification and ordination methods in the division of the Pleistocene malacological zones of Debrecen I. profile = Klasszifikációs és ordinációs módszerek pleisztocén malakológiai zónák lehatárolására, Debrecen I. szelvény"
"Soosiana","18","1990","06_Soosiana_1990_18_ Szabo_17-29","17","29",NA,"Szabó Sándor","Observations of the morphology of Sadleriana pannonica (Frauenfeld, 1865) = Tapasztalatok a Sadleriana pannonica (Frauenfeld, 1865) morfológiájával kapcsolatban"
"Soosiana","18","1990","07_Soosiana_1990_18_Kornig_31-33","31","33",NA,"Körnig, Gerhard","Zwei neue Schneckenarten für Ungarn = Két új csigafaj Magyarországról"
"Soosiana","18","1990","08_Soosiana_1990_18_Mienis_35-41","35","41",NA,"Mienis, Henk K.","Predation on landsnails by the Stone curlew (Burhinus oedicnemus) in Israel (Mollusca, Gastropoda - Aves, Charadriiformes) = Az ugartyúk (Burhinus oedicnemus) csigafogyasztása Izraelben (Mollusca, Gastropoda - Aves, Charadriiformes)"
"Soosiana","18","1990","09_Soosiana_1990_18_Mienis_42-46","42","46",NA,"Mienis, Henk K.","Records of Slug mites (Riccardoella spec.) from terrestrial gastropods in Israel = Adatok a házatlan csigák atkáinak előfordulásához (Riccardoella spec.) izraeli szárazföldi csigákban"
"Soosiana","18","1990","10_Soosiana_1990_18_Kalivoda_47-60","47","60",NA,"Kalivodá, E.;Steffek, J.","Response of birds and mollusca to the anthropic interferences in the vicinity of the Airport Bratislava-Ivánka = Antropogén hatás madarakra és puhatestűekre a Baratislava-Ivánkai reptér közelében"
"Soosiana","18","1990","11_Soosiana_1990_18_Kovacs_61-66","61","66",NA,"Kovács Gyula;Rékási József;Richnovszky Andor","Die Molluskenfauna des Arboretum von Pannonhalma. II. Teil = A pannonhalmi arborétum mollusca faunája. II. rész"
"Soosiana","18","1990","12_Soosiana_1990_18_Reklam_67-68","67","68",NA,"","Reklám = Advertisement"
"Soosiana","19","1991","01_Soosiana_1991_19_I-VI","I","VI",NA,"","Front matter"
"Soosiana","19","1991","02_Soosiana_1991_19_Krolopp_1-2","1","2",NA,"Krolopp Endre","Report on the 15th Meeting of the Hungarian Malacologists = Beszámoló a 15. Magyar Malakológiai Találkozóról"
"Soosiana","19","1991","03_Soosiana_1991_19_Baba_3-4","3","4",NA,"Bába Károly","Az Olasz Malakológiai Társaság III. Kongresszusa"
"Soosiana","19","1991","04_Soosiana_1991_19_Sumegi_5-12","5","12",NA,"Sümegi Pál;Szöőr Gyula;Hertelendi Ede","Palaeoenvironmental reconstruction of the last period of the Upper Würm in Hungary, based on malacological and radiocarbon data = A magyarországi Felső-Würm utolsó periódusának őskörnyezeti rekonstrukciója malakológiai és radiokarbon adatok alapján"
"Soosiana","19","1991","05_Soosiana_1991_19_Mienis_13-15","13","15",NA,"Mienis, Henk K.","Notes on recent and fossil Neritidae, 21. On the status of Tanzaniella LUPU, 1979 = Jegyzetek a recens és fossilis Neritidae 21-ről. A Tansaniella LUPU, 1979 rendeltetési helye"
"Soosiana","19","1991","06_Soosiana_1991_19_Krolopp_17-23","17","23",NA,"Krolopp Endre;Sümegi Pál","Dominance level of the species Punctum pygmaeum (Draparnaud, 1801) a biostratigraphical and paleoecological key level for the Hungarian loess sediments of Upper Würm = A Punctum pygmaeum (Draparnaud, 1801) faj dominanciaszintje: a magyarországi felső-würm löszös üledékek biosztratigráfiai és paleökológiai vezetőszintje"
"Soosiana","19","1991","07_Soosiana_1991_19_Baba_25-59","25","59",NA,"Bába Károly","Die Verbreitung der Landschnecken im ungarischen Teil des Alföld = A szárazföldi csigák elterjedése az Alföld magyarországi részén"
"Soosiana","19","1991","08_Soosiana_1991_19_Kendrick_60-63","60","63",NA,"Kendrick, George W.","Subba Rao, V. N., 1989. Freshwater Molluscs of India Handbook. Calcutta, Zoological Survey of India, 289 pages, 642 figures and 13 unnumbered figures"
"Soosiana","20","1992","01_Soosiana_1992_20_I-VI","I","VI",NA,"","Front matter"
"Soosiana","20","1992","02_Soosiana_1992_20_David_1-2","1","2",NA,"Dávid Árpád","Beszámoló a 16. Magyar Malakológus Találkozóról"
"Soosiana","20","1992","03_Soosiana_1992_20_Zeissler_3-5","3","5",NA,"Zeissler, Hildegard","Schnecken am Burgberg Hohensalzburg/Österreich = A Burgberg csigái - Hohensalzburg/Ausztria"
"Soosiana","20","1992","04_Soosiana_1992_20_Kovacs_7-10","7","10",NA,"Kovács Gyula","Dr. Horváth Andor a pedagógus. (Egy volt tanítvány visszaemlékezései)"
"Soosiana","20","1992","05_Soosiana_1992_20_Panigrahi_11-19","11","19",NA,"Panigrahi, A.;Raut, S. K.","Natural history of the garden slug Anadenus modestus Theobald (Gastropoda: Arionidae) = Az Anadenus modestus Theobald házatlan csiga biológiája"
"Soosiana","20","1992","06_Soosiana_1992_20_Mienis_21-24","21","24",NA,"Mienis, Henk K.","Molluscs from the excavation of a Byzantine church at Pisgat Ze'ev, Jerusalem, Israel = A Pisgat Ze'ev bizánci templom ásatásainál előkerült puhatestűek. Jeruzsálem, Izrael"
"Soosiana","20","1992","07_Soosiana_1992_20_Mienis_25-27","25","27",NA,"Mienis, Henk K.","Biomphalaria alexandrina from a Neolithic site in Wadi Gibba, Sinai = A Wadi Gibba (Sinai) neolitikus rétegből előkerült Biomphalaria alexandrina"
"Soosiana","20","1992","08_Soosiana_1992_20_Domokos_29-36","29","36",NA,"Domokos Tamás;Kovács Gyula","Malakofaunisztikai vizsgálatok a Beskid Sadecki néhány pontján (Lengyelország)"
"Soosiana","20","1992","09_Soosiana_1992_20_Baba_37-49","37","49",NA,"Bába Károly","Die Verbreitung der Landschnecken im ungarischen Teil des Alföld II. Verteilung der Pflanzengesellschaften = Szárazföldi csigák elterjedése az Alföld magyarországi szakaszán II. A növénytársulások felosztása"
"Soosiana","20","1992","10_Soosiana_1992_20_Baba_50","50","50",NA,"Bába Károly","Horváth Andor emlékülés"
"Soosiana","20","1992","11_Soosiana_1992_20_Baba_51","51","51",NA,"Bába Károly","Új folyóirat "
"Soosiana","21-22","1994","01_Soosiana_1994_21-22_I-IV","I","IV",NA,"","Front matter"
"Soosiana","21-22","1994","02_Soosiana_1994_21-22_InMemoriam_3","3","3",NA,"","In memoriam Richnovszky Andor (1932-1993) [fotó]"
"Soosiana","21-22","1994","03_Soosiana_1994_21-22_Rethy_4-5","4","5",NA,"Réthy Zsigmond","Előszó"
"Soosiana","21-22","1994","04_Soosiana_1994_21-22_Krolopp_6-7","6","7",NA,"Krolopp Endre","Dr. Richnovszky Andor (1932-1993)"
"Soosiana","21-22","1994","05_Soosiana_1994_21-22_Szabo_8-9","8","9",NA,"Szabó Sándor","Beszámoló a 17. magyar malakológus találkozóról"
"Soosiana","21-22","1994","06_Soosiana_1994_21-22_Majoros_10-11","10","11",NA,"Majoros Gábor","Beszámoló a 18. magyar malakológus találkozóról"
"Soosiana","21-22","1994","07_Soosiana_1994_21-22_Seidl_12-20","12","20",NA,"Siedl, Fritz","""Winterschlaf"" einer Weinbergschnecke (Helix pomatia) im Hochsommer und ihre Begleitfauna = ""Téli álom"" egy éticsigánál (Helix pomatia) nyár közepén - és a kísérőfauna"
"Soosiana","21-22","1994","08_Soosiana_1994_21-22_Mienis_22-28","22","28",NA,"Miens, Henk K.","The molluscs of the excavation of the early arabic site of Yotvata, Arava valley, Israel = Korai arab telep ásatásának mollusca maradványai (Izrael, Yotvata, Arava-völgy)"
"Soosiana","21-22","1994","09_Soosiana_1994_21-22_Makadi_30-48","30","48",NA,"Makádi Mariann","Morphometric study of the upper Pannonian gastropod Melanopsis bouei sturi Fuchs = A Felső-Pannóniai Melanopsis bouei sturi Fuchs biometriai vizsgálatának következtetései"
"Soosiana","21-22","1994","10_Soosiana_1994_21-22_Richnovszky_50-58","50","58",NA,"Richnovszky Andor;Rékási József","A Pannonhalmi Bencés Gimnázium mollusca gyűjteménye I."
"Soosiana","21-22","1994","11_Soosiana_1994_21-22_Gerber_60-63","60","63",NA,"Gerber, Jochen","Cernuella neglecta (Draparnaud 1805) Pulmonata: Hygromiidae in Ungarn = Cernuella neglecta (Draparnaud 1805) Pulmonata: Hygromiidae Magyarországon"
"Soosiana","21-22","1994","12_Soosiana_1994_21-22_Redactieurbemerkung_62","62","62",NA,"","Redaction"
"Soosiana","21-22","1994","13_Soosiana_1994_21-22_Baba_64-79","64","79",NA,"Bába Károly","Die Verteilung der Landschnecken im ungarischen Teil des Alföld III. Bildung der Artengruppen = Szárazföldi csigák elterjedése az Alföld magyarországi szakaszán III. Fajcsoportok képzése "
"Soosiana","21-22","1994","13_Soosiana_1994_21-22_Content_80-81","80","81",NA,"","Contents = Tartalom"
"Soosiana","21","1995-2000","01_Soosiana_1995-2000_21_23-28_I-IV","I","IV",NA,"","Front matter"
"Soosiana","21","1995-2000","02_Soosiana_1995-2000_21_23-28_Sumegi_3-5","3","5",NA,"Sümegi Pál","Szerkesztői útmutató"
"Soosiana","21","1995-2000","03_Soosiana_1995-2000_21_23-28_Pelbart_6","6","6",NA,"Pelbárt Jenő","Magyarország recens Mollusca faunájának tudományos név szótára. Grafon Kiadó, 2000"
"Soosiana","21","1995-2000","04_Soosiana_1995-2000_21_23-28_Domokos_7-12","7","12",NA,"Domokos Tamás","In memoriam Párdi Mihály. (Kunhegyes, 1919. 07. 25 - Kunhegyes, 1999. 08. 10.)"
"Soosiana","21","1995-2000","05_Soosiana_1995-2000_21_23-28_SzerkesztoBizottsag_13-16","13","16",NA,"","Dr. Bába Károly 65 éves..."
"Soosiana","21","1995-2000","06_Soosiana_1995-2000_21_23-28_Sumegi_17-20","17","20",NA,"Sümegi Pál","Dr. Krolopp Endre 65 éves..."
"Soosiana","21","1995-2000","07_Soosiana_1995-2000_21_23-28_Domokos_21-24","21","24",NA,"Domokos Tamás","Magyar Malakológus Találkozók 1971-2000"
"Soosiana","21","1995-2000","08_Soosiana_1995-2000_21_23-28_Sumegi-Krolopp_25-49","25","49",NA,"Sümegi Pál;Krolopp Endre","A Kárpát-medence őskörnyezeti állapota a felső-würm egy éghajlati eseménye során. I. rész"
"Soosiana","21","1995-2000","09_Soosiana_1995-2000_21_23-28_Pelbart_50","50","50",NA,"","Computer graphics"
"Soosiana","21","1995-2000","10_Soosiana_1995-2000_21_23-28_Mienis_51-53","51","53",NA,"Mienis, Henk K.","Egyedülálló gyöngyformák a vörös-tengeri Anadara vellicata kagylókon"
"Soosiana","21","1995-2000","11_Soosiana_1995-2000_21_23-28_Pelbart_54","54","54",NA,"","Graphics"
"Soosiana","21","1995-2000","12_Soosiana_1995-2000_21_23-28_Smit-Baba_55-64","55","64",NA,"Smit, Martinus De;Bába Károly","Adatok Dél-Kefallónia (Görögország) Mollusca faunájához"
"Soosiana","21","1995-2000","13_Soosiana_1995-2000_21_23-28_Pelbart_65-72","65","72",NA,"Pelbárt Jenő","A Polyplacophora osztály rendszertani sémái"
"Soosiana","21","1995-2000","14_Soosiana_1995-2000_21_23-28_Gulyas_73-80","73","80",NA,"Gulyás Sándor","Új kvantitatív morfometriai módszerek alkalmazási lehetőségei a taxonómiai és a paleontológiai vizsgálatokban"
"Soosiana","22","2001","01_Soosiana_2001_22_25_I-IV","I","IV",NA,"","Front matter"
"Soosiana","22","2001","02_Soosiana_2001_22_25_Sumegi_3-4","3","4",NA,"Sümegi Pál","Szerkesztői útmutató"
"Soosiana","22","2001","03_Soosiana_2001_22_25_Solymos_5-6","5","6",NA,"Sólymos Péter","Beszámoló a 2001-es londoni Mollusca Fórumról"
"Soosiana","22","2001","04_Soosiana_2001_22_25_Sumegi-Gulyas_7-8","7","8",NA,"Sümegi Pál;Gulyás Sándor","Beszámoló a XXVI. Magyar Malakológus Találkozóról"
"Soosiana","22","2001","05_Soosiana_2001_22_25_Czirak-Domokos_9-10","9","10",NA,"Czirák Zoltán;Domokos Tamás","Magyarország védett puhatestűinek listája a második tárcaközi egyeztetés előtt"
"Soosiana","22","2001","06_Soosiana_2001_22_25_Domokos_11-26","11","26",NA,"Domokos Tamás(Mollusca, Gastropoda)","Adatok a Chilostoma banatica (E. A. Rossmässler, 1838) Sitkai-erdőből (Békés megye, Gyulavári) gyűjtött egyedeinek héjmorfológiájához és annak klímafüggéséhez (Mollusca, Gastropoda)"
"Soosiana","22","2001","07_Soosiana_2001_22_25_Mienis_27-29","27","29",NA,"Mienis, Henk K.","Adatok az Acrosterigma attenuatum (Bivalvia: Cardiidae) vörös-tengeri előfordulásához"
"Soosiana","22","2001","08_Soosiana_2001_22_25_Pelbart_30","30","30",NA,"","KÖNYVISMERTETÉS: Pelbárt Jenő: Magyarország Mollusca faunájának rendszertani összefüggései. Grafon Kiadó"
"Soosiana","22","2001","09_Soosiana_2001_22_25_Sumegi-Krolopp_31-48","31","48",NA,"Sümegi Pál;Krolopp Endre","A Kárpát-medence őskörnyezeti állapota a felső-würm egy éghajlati eseménye során. II. rész"
"Soosiana","22","2001","10_Soosiana_2001_22_25_Baba_49-54","49","54",NA,"Bába Károly","Dreissenidae familia areaanalitikus állatföldrajzi beosztása"
"Soosiana","22","2001","11_Soosiana_2001_22_25_Pelbart_55-60","55","60",NA,"Pelbárt Jenő","Nagy meztelencsigák násztánca"
"Soosiana","22","2001","12_Soosiana_2001_22_25_Solymos_61-72","61","72",NA,"Sólymos Péter","Adatok a három hazai Truncatellina Lowe (Gastropoda, Vertiginidae) faj élőhely preferenciájához"
"Soosiana","22","2001","13_Soosiana_2001_22_25_Gulyas-etal_73-80","73","80",NA,"Gulyás Sándor;Sivók Balázs;Szónoky Miklós","Biometriai célú, tengelyirányú csigametszet vizsgálatok fogászati röntgennel, pannon-tavi Planorbidákon"
"Soosiana","23","2002","01_Soosiana_2002_23_I-IV","I","IV",NA,"","Front matter"
"Soosiana","23","2002","02_Soosiana_2002_23_Sumegi_3","3","3",NA,"Sümegi Pál","Szerkesztői útmutató"
"Soosiana","23","2002","03_Soosiana_2002_23_Sumegi_4","4","4",NA,"","Sümegi Pál: A negyedidőszak földtani és őskörnyezettani alapjai. JATE Press, Szeged, 2001. 262 oldal, 79 ábra, papírkötésben, ára: 2000.-Ft"
"Soosiana","23","2002","04_Soosiana_2002_23_Solymos_5-6","5","6",NA,"Sólymos Péter","Beszámoló a 2002-es Mollusca Fórumról"
"Soosiana","23","2002","05_Soosiana_2002_23_Domokos_7-8","7","8",NA,"Domokos Tamás","A Malakológiai Tájékoztatóról, a 20. kötet megjelenésének apropójából"
"Soosiana","23","2002","06_Soosiana_2002_23_Pelbart_9-12","9","12",NA,"Pelbárt Jenő","Beszámoló a XXVII. Magyar Malakológus Találkozóról, Csurgó, 2002."
"Soosiana","23","2002","07_Soosiana_2002_23_Gulyas-Sumegi_13-14","13","14",NA,"Gulyás Sándor;Sümegi Pál","Beszámoló az Európai Malakológiai Társaságok II. Nemzetközi Találkozójáról, Vigó, Spanyolország"
"Soosiana","23","2002","08_Soosiana_2002_23_Pelbart_15-20","15","20",NA,"Pelbárt Jenő","1702-2002. Háromszáz éves a magyar malakológia"
"Soosiana","23","2002","09_Soosiana_2002_23_Domokos_21-29","21","29",NA,"Domokos Tamás","A Hygromia kovacsi Varga & Pintér Fekete- és Fehér-Körös menti előfordulásának vizsgálatai I. (Az előfordulási helyek pontos lehatárolása)"
"Soosiana","23","2002","10_Soosiana_2002_23_Gulyas_etal_31-35","31","35",NA,"Gulyás Sándor;Cziczer István;Magyar Imre;Szónoky Miklós","Pásztázó elektronmikrószkópos héjszerkezet vizsgálatok pannon-tavi, mélyvízi tüdőscsigákon"
"Soosiana","23","2002","11_Soosiana_2002_23_Baba_etal_37-48","37","48",NA,"Bába Károly;Sári Diana;Tóth Tibor","Kagylócönózisok különböző aljzaton. A 2000. évi nehézfémszennyezés"
"Soosiana","23","2002","12_Soosiana_2002_23_Steffek-Lucivjanska_49-73","49","73",NA,"Steffek, Jozef;Lucivjanská, V.","A Duna szlovákiai szakaszának puhatestű (Mollusca) faunája"
"Soosiana","23","2002","13_Soosiana_2002_23_Deli_75-80","75","80",NA,"Deli Tamás","Adatok az Aggteleki Nemzeti Park szárazföldi csigafaunájának ismeretéhez. I. rész"
"Soosiana","24","2003","01_Soosiana_2003_24_I-IV","I","IV",NA,"","Front matter"
"Soosiana","24","2003","02_Soosiana_2003_24_Sumegi_3","3","3",NA,"Sümegi Pál","Szerkesztői útmutató"
"Soosiana","24","2003","03_Soosiana_2003_24_Szonoky_4","4","4",NA,"Szónoky Miklós","Sümegi Pál: A régészeti geológia és a történeti ökológia alapjai"
"Soosiana","24","2003","04_Soosiana_2003_24_Sumegi_5-6","5","6",NA,"Sümegi Pál","A Magyar Malakológiai Folyóirat, a Soosiana 30 éves lett"
"Soosiana","24","2003","05_Soosiana_2003_24_Hiroldal_7","7","7",NA,"","Pedagógus kutatói pályadíj"
"Soosiana","24","2003","06_Soosiana_2003_24_Pelbart_9-12","9","12",NA,"Pelbárt Jenő","Beszámoló a XXVIII. Magyar Malakológus találkozóról, Baja, 2003"
"Soosiana","24","2003","07_Soosiana_2003_24_Pelbart_13-20","13","20",NA,"Pelbárt Jenő","A GPS navigációs malakológiai gyűjtés előnyei"
"Soosiana","24","2003","08_Soosiana_2003_24_Feher-Drimmer_21-25","21","25",NA,"Fehér Zoltán;Drimmer László","A Megyeri-gyűjtemény puhatestű anyaga"
"Soosiana","24","2003","09_Soosiana_2003_24_Richnovszky-Rekasi_27-30","27","30",NA,"Richnovszky Andor;Rékási József","Adatok a Pannonhalmi Bencés Gimnázium Mollusca gyűjteményéhez. II. rész"
"Soosiana","24","2003","10_Soosiana_2003_24_Domokos_31-42","31","42",NA,"Domokos Tamás","A geszti Szépapó- (Vátyoni-) erdő (Békés megye) malakofaunája és a fogatlan oszlopcsiga [Columella edentula (Draparnaud 1805)] előfordulásának körülményei. I. rész"
"Soosiana","24","2003","11_Soosiana_2003_24_Deli_43-50","43","50",NA,"Deli Tamás","Adatok az Aggteleki Nemzeti Park szárazföldi csigafaunájának ismeretéhez. II. rész"
"Soosiana","24","2003","12_Soosiana_2003_24_Baba_51-56","51","56",NA,"Bába Károly","A Physidae család fajainak areaanalitikus állatföldrajzi beosztása"
"Soosiana","24","2003","13_Soosiana_2003_24_Lennert_57-65","57","65",NA,"Lennert József","A geszti Szépapó- (Vátyoni-) erdő (Békés megye) malakofaunája és a fogatlan oszlopcsiga [Columella edentula (Draparnaud 1805)] előfordulásának körülményei. II. rész"
"Soosiana","24","2003","14_Soosiana_2003_24_Edlinger_67-80","67","80",NA,"Edlinger, Karl","Az Albinaria grisea (Deshayes 1833) faj morfológiai variabilitása a Peloponnészoszi-félsziget délkeleti részén"
"Soosiana","25","2004","01_Soosiana_2004_25_Suppl_Gulyas-Sumegi_5-60","5","60",NA,"Gulyás Sándor;Sümegi Pál","Kagylógyűjtés a korai neolitikumban Magyarországon egy Körös lelőhely Tiszapüspöki példáján: módszerek és eredmények"
"Soosiana","26","2005","01_Soosiana_2005_26_I-IV","I","IV",NA,"","Front matter"
"Soosiana","26","2005","02_Soosiana_2005_25_Sumegi_3","3","3",NA,"Sümegi Pál","Szerkesztői útmutató"
"Soosiana","26","2005","03_Soosiana_2005_25_Sumegi_4","4","4",NA,"Gulyás Sándor","Könyvismertetés: Loess and Upper Paleolithic environment in Hungary"
"Soosiana","26","2005","04_Soosiana_2005_25_Gulyas_5-6","5","6",NA,"Gulyás Sándor","Beszámoló a 34. Nemzetközi Archeometriai Konferenciáról, Zaragoza, Spanyolország"
"Soosiana","26","2005","05_Soosiana_2005_25_Szekeres_7-9","7","9",NA,"Szekeres Miklós","29. Magyar Malakológus Találkozó, Nagyszeben, 2004"
"Soosiana","26","2005","06_Soosiana_2005_25_Buncsak_hiroldal_10","10","10",NA,"Buncsák Katalin","Híroldal"
"Soosiana","26","2005","07_Soosiana_2005_25_Domokos_11-14","11","14",NA,"Domokos Tamás","A XXX. Magyar Malakológus Találkozó Békéscsabán (2005. 09. 23-25.)"
"Soosiana","26","2005","08_Soosiana_2005_25_Szabo_15-22","15","22",NA,"Szabó Sándor","Somogy-Csurgón, Dr. Kovács Gyula nyomában"
"Soosiana","26","2005","09_Soosiana_2005_25_Domokos_etal_23-35","23","35",NA,"Domokos Tamás;Fintha István;Gaskó Béla","A Drobacia banatica (Rossmássler) (bánáti csiga) magyarországi előfordulásáról"
"Soosiana","26","2005","10_Soosiana_2005_25_Baba_37-56","37","56",NA,"Bába Károly","A Lymnaea család fajainak area-analítikus állatföldrajzi beosztása"
"Soosiana","26","2005","11_Soosiana_2005_25_Domokos_57-68","57","68",NA,"Domokos Tamás","A Hygromia kovacsi Varga éz Pintér Fekete-Körös menti előfordulásának vizsgálata II. (Az előfordulási helyek pontos lehatárolása)"
"Soosiana","26","2005","12_Soosiana_2005_25_Baba_69-74","69","74",NA,"Bába Károly","A Bithyniidae család area-analítikus állatföldrajzi beosztása"
"Soosiana","26","2005","13_Soosiana_2005_25_Baba_75-80","75","80",NA,"Bába Károly","Az Ancylidae és az Acxroloxidae család area-analítikus állatföldrajzi beosztása"
"Soosiana","27-28","2006-2007","01_Soosiana_2006-7_27-28_I-IV","I","IV",NA,"","Front matter"
"Soosiana","27-28","2006-2007","02_Soosiana_2006-7_27-28_Sumegi_3","3","3",NA,"Sümegi Pál","Szerkesztői útmutató"
"Soosiana","27-28","2006-2007","03_Soosiana_2006-7_27-28_Sumegi_4","4","4",NA,"Gulyás Sándor","Könyvismertetés: Pál Sümegi: Loess and Upper Paleolithic environment in Hungary"
"Soosiana","27-28","2006-2007","04_Soosiana_2006-7_27-28_Wagner_jun_5-18","5","18",NA,"Wagner, Ifj. János","Dr. Wagner János születésének 100. évfordulójára"
"Soosiana","27-28","2006-2007","05_Soosiana_2006-7_27-28_Domokos_19-20","19","20",NA,"Domokos Tamás","Beszámoló a XXXI. Magyar Malakológus Találkozóról, Szeged, 2006"
"Soosiana","27-28","2006-2007","06_Soosiana_2006-7_27-28_Baba_21-35","21","35",NA,"Bába Károly","A Tisza és mellékfolyóinak vízi puhatestű faunája"
"Soosiana","27-28","2006-2007","07_Soosiana_2006-7_27-28_Buncsak_36","36","36",NA,"Buncsák Katalin","Könyvajánló: Domokos Tamás - Pelbárt Jenő: Magyarország védett puhatestűi"
"Soosiana","27-28","2006-2007","08_Soosiana_2006-7_27-28_Domokos_37-38","37","38",NA,"Domokos Tamás","Könyvajánló: Mike Severns: Hawaiian Seashells"
"Soosiana","27-28","2006-2007","09_Soosiana_2006-7_27-28_Solymos_etal_39-43","39","43",NA,"Sólymos Péter;Czentye Ibolya;Tutkovics Bernadett","Szárazföldi csigák mikro-léptékű eloszlási viszonyai egy homogén égeres állományban"
"Soosiana","27-28","2006-2007","10_Soosiana_2006-7_27-28_Buncsak_44","44","44",NA,"Buncsák Katalin","Szakirodalom ajánló: Pelbárt Jenő - Domokos Tamás: A magyarországi recens puhatestűek (Mollusca) magyar köznyelvi elnevezései (2005)"
"Soosiana","27-28","2006-2007","11_Soosiana_2006-7_27-28_Andrei-Vancsa_45-55","45","55",NA,"Andrei,Gabriela;Váncsa Klára","Emlékezés Alexandru V. Grossu professzor úrra (1910-2004), a XX. század egyik jól ismert malakológusára"
"Soosiana","27-28","2006-2007","12_Soosiana_2006-7_27-28_Dovgal_57-58","57","58",NA,"Dovgal, Igor V.","A tudomány nagy vesztesége: Alexei V. Koniushin (1962. 12. 07.-2004. 01. 08.)"
"Soosiana","27-28","2006-2007","13_Soosiana_2006-7_27-28_Domokos-Deli_59-66","59","66",NA,"Domokos Tamás;Deli Tamás","Újabb adatok (Geszt, Cégénydányád) és gondolatok (Soimos) a Drobacia / Helicigona banatica (ROSSMÁSSLER, 1838), bánáti szalagoscsiga magyarországi előfordulásához"
"Soosiana","27-28","2006-2007","14_Soosiana_2006-7_27-28_Baba_67-69","67","69",NA,"Bába Károly","Töserdő és Tiszaalpár közötti területek és holtág vízi faunája"
"Soosiana","27-28","2006-2007","15_Soosiana_2006-7_27-28_Baba_70-80","70","80",NA,"Bába Károly","Az Adriatomediterrán terület (Itália) Hydrobiidae fajai"
"Soosiana","29","2008","01_Soosiana_2008_29_I-IV","I","IV",NA,"","Front matter"
"Soosiana","29","2008","02_Soosiana_2008_29_Fukoh_3-4","3","4",NA,"Levente Fűköh","In memoriam dr. Károly Bába (1935-2007)"
"Soosiana","29","2008","03_Soosiana_2008_29_Baba_5-7","5","7",NA,"Bába Károly","A Palearktisz Bivalviáinak areaanalítikus állatföldrajzi megoszlása"
"Soosiana","29","2008","04_Soosiana_2008_29_Baba_8-12","8","12",NA,"Bába Károly","A Valvatidae család fajainak areaanalítikus állatföldrajzi beosztása"
"Soosiana","29","2008","05_Soosiana_2008_29_Baba_13-17","13","17",NA,"Bába Károly","A Viviparidae fajok areaanalítikus állatföldrajzi beosztása"
"Soosiana","29","2008","06_Soosiana_2008_29_Baba_18-29","18","29",NA,"Bába Károly","A Planorbidae család képviselőinek areaanalítikus állatföldrajzi beosztása"
"Soosiana","29","2008","07_Soosiana_2008_29_Baba_30-74","30","74",NA,"Bába Károly","Európa keleti és déli részén élő Hydrobiidae fajok areaanalítikus állatföldrajzi beosztása"
"Soosiana","30-31","2009-2010","01_Soosiana_2009-2010_30-31_I-IV","I","IV",NA,"","Front matter"
"Soosiana","30-31","2009-2010","02_Soosiana_2009-2010_30-31_Sumegi_3","3","3",NA,"","Szerkesztői útmutató"
"Soosiana","30-31","2009-2010","03_Soosiana_2009-2010_30-31_Buncsak_4","4","4",NA,"Buncsák Katalin","Könyvismertetés: Domokos Tamás - Pelbárt Jenő: Magyarország védett puhatestűi"
"Soosiana","30-31","2009-2010","04_Soosiana_2009-2010_30-31_Pelbart_5","5","5",NA,"Pelbárt Jenő","Könyvismertetés: Dirk Fehse - Jozef Grego: Revision of the TRIVELLONA Iredale, 1931 (Mollusca: Gastropoda: Triviidae). ALLIED COWRIES. Contribution on the knowledgeof TRIVIIDAE"
"Soosiana","30-31","2009-2010","05_Soosiana_2009-2010_30-31_Fechse-Grego_6-24","6","24",NA,"Fehse, Dirk;Grego, Josef","English Summary to Revision of the TRIVELLONA Iredale, 1931 (Mollusca: Gastropoda: Triviidae). ALLIED COWRIES. Contribution on the knowledge of TRIVIIDAE"
"Soosiana","30-31","2009-2010","06_Soosiana_2009-2010_30-31_Baba_25-30","25","30",NA,"Bába Károly","Ponto-mediterrán Hydrobiidae fajok ITL."
"Soosiana","30-31","2009-2010","07_Soosiana_2009-2010_30-31_Baba_31-42","31","42",NA,"Bába Károly","A Palearktisz keleti részén élő Hydrobiidae fajok areaanalítikus állatföldrajzi beosztása"
"Soosiana","30-31","2009-2010","08_Soosiana_2009-2010_30-31_Domokos_43-51","43","51",NA,"Domokos Tamás","A dobozi pikkelyescsiga (Kovacsia kovacsi) VARGA et PINTÉR 1972) elterjedése Közép- és Dél-Békésben"
"Soosiana","30-31","2009-2010","09_Soosiana_2009-2010_30-31_Pall-Gergely_53-54","53","54",NA,"Páll-Gergely Barna","Beszámoló a XXXI. Magyar Malakológus Találkozóról"
"Soosiana","30-31","2009-2010","10_Soosiana_2009-2010_30-31_Feher_etal_55-57","55","57",NA,"Fehér Zoltán;Varga András;Erőss Zoltán Péter","In memoriam Drimmer László (1925-2009)"
"Soosiana","30-31","2009-2010","11_Soosiana_2009-2010_30-31_Fukoh_58-60","58","60",NA,"Fűköh Levente","In memoriam Krolopp Endre (1935-2010)"
"Soosiana","32","2013","01_Soosiana_2013_32_I-VI","I","VIII",NA,"","Front matter"
"Soosiana","32","2013","02_Soosiana_2013_32_Matskasi_7-8","7","7",NA,"Matskási István","Lectori salutem!"
"Soosiana","32","2013","03_Soosiana_2013_32_Eross_9-12","9","12",NA,"Erőss Zoltán Péter","Soós Lajos emlékezete"
"Soosiana","32","2013","04_Soosiana_2013_32_Matskasi_13-18","13","17",NA,"Matskási István","Soós Lajos: Állattan és Parazitológia az állatorvostan hallgatók számára"
"Soosiana","32","2013","05_Soosiana_2013_32_Katona_19-26","19","26",NA,"Katona Lajos","Soós Lajos szerepe a dunántúli pannon malakofaunájának kutatásában"
"Soosiana","32","2013","06_Soosiana_2013_32_Fukoh_27-32","27","32",NA,"Fűköh Levente","A Magyarországi negyedidőszaki malakológiai kutatások áttekintése"
"Soosiana","32","2013","07_Soosiana_2013_32_Szekeres_33-38","33","38",NA,"Szekeres Miklós","Soós Lajos és Az Alopia nem"
"Soosiana","32","2013","08_Soosiana_2013_32_VargaZ_39-52","39","52",NA,"Varga Zoltán","A Kárpát-medence állatföldrajzi tagolódása"
"Soosiana","32","2013","09_Soosiana_2013_32_Deli_53-58","53","58",NA,"Deli Tamás","A Banaticum állatföldrajzi értékelése és jelentősége"
"Soosiana","32","2013","10_Soosiana_2013_32_Feher_59-64","59","64",NA,"Fehér Zoltán","Soós Lajos nevéhez kötődő taxonok annotált listája"
"Soosiana","32","2013","11_Soosiana_2013_32_VargaA_65-70","65","70",NA,"Varga András","Soós Lajos publikációinak jegyzéke"
"Soosiana","32","2013","12_Soosiana_2013_32_Pelbart_71-82","71","82",NA,"Pelbárt Jenő","Hommage á Soós Lajos – A SOOSIANA magyar malakológiai folyóirat története, 1973–2010 (1–38.)"
"Soosiana","32","2013","13_Soosiana_2013_32_Domokos_83-94","83","94",NA,"Domokos Tamás","Soós Lajos neve alatt található szöveges és rajzos dokumentumok a Magyar Természettudományi Múzeum Tudománytörténeti Gyűjteményében"
"Soosiana","32","2013","14_Soosiana_2013_32_Domokos_95-100","95","100",NA,"Domokos Tamás","Soós Lajost ábrázoló, az FS/22 jelzetű borítékban található fényképeka Magyar Természettudományi Múzeum Arcképcsarnokában"
"Soosiana","32","2013","15_Soosiana_2013_32_SoosE_101-102","101","102",NA,"Soós Emőke","Emlékeim nagypapáról"
"Soosiana","32","2013","16_Soosiana_2013_32_Domokos_103-104","103","104",NA,"Domokos Tamás","Találkozásom Soós Lajossal"
"Soosiana","33","2016","01_Soosiana_2016_33_I-VI","I","IV",NA,"","Front matter"
"Soosiana","33","2016","02_Soosiana_2016_33_Pall-Gergely-Mattia_5-10","5","10",NA,"Páll-Gergely B.;De Mattia, W.","Notes on the anatomy of Turkish Orculidae (Gastropoda: Pulmonata: Orthurethra)"
"Soosiana","33","2016","03_Soosiana_2016_33_Szekeres_11-23","11","23",NA,"Szekeres M.","Geographic names in Lajos Soós' publications on the genus Alopia H. & A. Adams (Gastropoda: Clausiliidae)"
"Soosiana","33","2016","04_Soosiana_2016_33_Grego-Steffek_25-30","25","30",NA,"Grego, J;Šteffek, J.","The Biodiversity of Hispaniolan Mollusca"
"Soosiana","33","2016","05_Soosiana_2016_33_Keresztes_31-38","31","38",NA,"Keresztes B.","A cirádás éticsiga [Cornu aspersum (O. F. Müller, 1774)] újabb magyarországi lelőhelye"
"Soosiana","33","2016","06_Soosiana_2016_33_Domokos_39-58","39","58",NA,"Domokos T.(Wenz,1926) as well as some biophysical and biochemical notes","Is Drobacia maeotica a phantom species? Data on the shell morphology, genital morphology, autecology of Drobacia banatica (Rossmässler, 1838) and Drobacia maeotica (Wenz,1926) as well as some biophysical and biochemical notes"
"Soosiana","33","2016","07_Soosiana_2016_33_Domokos-Lennert_59-65","59","65",NA,"Domokos T.;Lennert J.","Újabb adat a Drobacia banatica (Mollusca: Gastropoda: Helicidae) héjmorfológiájához [Bazarul (Cetăţile) Someşului Cald, Bihor Mts., Romania]"
"Soosiana","33","2016","08_Soosiana_2016_33_Domokos_etal_69-70","69","70",NA,"Domokos T.;Erőss Z.;Páll-Gergely B.","A XXXII. Magyar Malakológus Találkozó ‒ Szarvas, 2008"
"Soosiana","33","2016","09_Soosiana_2016_33_Farkas_71-74","71","74",NA,"Farkas R.","Beszámoló a XXXV. Magyar Malakológus Találkozóról ‒ Szögliget: Szalamandra-ház, 2011"
"Soosiana","33","2016","10_Soosiana_2016_33_Pelbart_75-79","75","79",NA,"Pelbárt J.","Megalakult a Magyar Malakológusok Társasága (2008)"
